class,seed,pretrain_seed,method,auroc,auprc
class_AED,42,0.0,contrastive_full_structure,0.45444444444444443,0.041498492771480155
class_AED,42,0.0,contrastive_full_expression,0.4066666666666667,0.04361148098778665
class_AED,42,0.0,contrastive_full_concat,0.44111111111111106,0.042541567080407613
class_AED,42,1.0,contrastive_full_structure,0.48000000000000004,0.04077760430219447
class_AED,42,1.0,contrastive_full_expression,0.6011111111111112,0.07958058379406693
class_AED,42,1.0,contrastive_full_concat,0.5111111111111112,0.04528686404441931
class_AED,42,2.0,contrastive_full_structure,0.52,0.046436011373513955
class_AED,42,2.0,contrastive_full_expression,0.52,0.0579804915881165
class_AED,42,2.0,contrastive_full_concat,0.5655555555555556,0.05183141668794833
class_AED,42,0.0,contrastive_classholdout_structure,0.75,0.16165284646867287
class_AED,42,0.0,contrastive_classholdout_expression,0.4444444444444444,0.0552515195957511
class_AED,42,0.0,contrastive_classholdout_concat,0.4444444444444444,0.21385782063716122
class_AED,42,1.0,contrastive_classholdout_structure,0.76,0.4004816569714864
class_AED,42,1.0,contrastive_classholdout_expression,0.5177777777777778,0.059847083670333805
class_AED,42,1.0,contrastive_classholdout_concat,0.4622222222222222,0.3602144460425698
class_AED,42,2.0,contrastive_classholdout_structure,0.7344444444444445,0.08691542520209934
class_AED,42,2.0,contrastive_classholdout_expression,0.5488888888888889,0.0733423675002578
class_AED,42,2.0,contrastive_classholdout_concat,0.3744444444444444,0.21769089108055145
class_AED,42,0.0,contrastive_debiased_structure,0.5433333333333334,0.06300283057278709
class_AED,42,0.0,contrastive_debiased_expression,0.47777777777777775,0.08909284428693512
class_AED,42,0.0,contrastive_debiased_concat,0.5700000000000001,0.06878440666952904
class_AED,42,1.0,contrastive_debiased_structure,0.4022222222222222,0.050143178386583664
class_AED,42,1.0,contrastive_debiased_expression,0.4033333333333333,0.037949231479391596
class_AED,42,1.0,contrastive_debiased_concat,0.40888888888888886,0.04378663494993609
class_AED,42,2.0,contrastive_debiased_structure,0.5433333333333333,0.2056790211670141
class_AED,42,2.0,contrastive_debiased_expression,0.4855555555555555,0.11847183680889234
class_AED,42,2.0,contrastive_debiased_concat,0.5288888888888889,0.2060295857322223
class_AED,42,,contrastive_randholdout0_concat,0.5366666666666667,0.04731623744139027
class_AED,42,,contrastive_randholdout1_concat,0.5666666666666667,0.05279445800415605
class_AED,42,,contrastive_randholdout2_concat,0.5088888888888888,0.04630761604603857
class_AED,42,,raw_expression_RF,0.5555555555555556,0.05675387724130795
class_AED,42,,raw_ecfp4_RF,0.7522222222222222,0.3688644405059137
class_AED,42,,raw_concat_RF,0.475,0.04584662207901644
class_AED,42,,neighbor_connectivity,0.5477777777777777,0.054250190096399656
class_AED,42,,random,0.5233333333333333,0.048498564972238416
class_AED,43,0.0,contrastive_full_structure,0.45333333333333337,0.04049587620357524
class_AED,43,0.0,contrastive_full_expression,0.4144444444444444,0.03688699745928124
class_AED,43,0.0,contrastive_full_concat,0.4266666666666667,0.03868765642677761
class_AED,43,1.0,contrastive_full_structure,0.42666666666666664,0.037228531656445116
class_AED,43,1.0,contrastive_full_expression,0.44666666666666666,0.03820346631201914
class_AED,43,1.0,contrastive_full_concat,0.4322222222222222,0.037282180680283494
class_AED,43,2.0,contrastive_full_structure,0.4955555555555555,0.04135745699452998
class_AED,43,2.0,contrastive_full_expression,0.40888888888888886,0.0360243440445733
class_AED,43,2.0,contrastive_full_concat,0.46444444444444444,0.03894429454069089
class_AED,43,0.0,contrastive_classholdout_structure,0.84,0.30564987447009917
class_AED,43,0.0,contrastive_classholdout_expression,0.4411111111111111,0.0374713126153671
class_AED,43,0.0,contrastive_classholdout_concat,0.7077777777777778,0.3352700870558013
class_AED,43,1.0,contrastive_classholdout_structure,0.838888888888889,0.1312797380337703
class_AED,43,1.0,contrastive_classholdout_expression,0.4211111111111111,0.03633855467945252
class_AED,43,1.0,contrastive_classholdout_concat,0.5788888888888889,0.07260662448162447
class_AED,43,2.0,contrastive_classholdout_structure,0.8544444444444443,0.1989332650622973
class_AED,43,2.0,contrastive_classholdout_expression,0.4444444444444444,0.03924446857406676
class_AED,43,2.0,contrastive_classholdout_concat,0.6111111111111112,0.30989310427320427
class_AED,43,0.0,contrastive_debiased_structure,0.4755555555555555,0.043172056469130735
class_AED,43,0.0,contrastive_debiased_expression,0.4311111111111111,0.040695784650804735
class_AED,43,0.0,contrastive_debiased_concat,0.4811111111111111,0.04679569874496839
class_AED,43,1.0,contrastive_debiased_structure,0.40555555555555556,0.036373609643421984
class_AED,43,1.0,contrastive_debiased_expression,0.3811111111111111,0.034459077414916495
class_AED,43,1.0,contrastive_debiased_concat,0.41333333333333333,0.038614588636879596
class_AED,43,2.0,contrastive_debiased_structure,0.5122222222222222,0.04381481521266468
class_AED,43,2.0,contrastive_debiased_expression,0.4766666666666667,0.04137293641323993
class_AED,43,2.0,contrastive_debiased_concat,0.5188888888888888,0.04536843625151698
class_AED,43,,contrastive_randholdout0_concat,0.5,0.04373072483023655
class_AED,43,,contrastive_randholdout1_concat,0.4688888888888889,0.04451943284803553
class_AED,43,,contrastive_randholdout2_concat,0.4477777777777778,0.0390496984880501
class_AED,43,,raw_expression_RF,0.3544444444444444,0.03588036840373289
class_AED,43,,raw_ecfp4_RF,0.8511111111111112,0.20231973107148424
class_AED,43,,raw_concat_RF,0.40055555555555555,0.03554574053847809
class_AED,43,,neighbor_connectivity,0.56,0.052987525569339985
class_AED,43,,random,0.38,0.11064147763874164
class_AED,44,0.0,contrastive_full_structure,0.54,0.05883715128110859
class_AED,44,0.0,contrastive_full_expression,0.49,0.049225023004438234
class_AED,44,0.0,contrastive_full_concat,0.5266666666666666,0.056630772451461184
class_AED,44,1.0,contrastive_full_structure,0.5744444444444444,0.05190292856358022
class_AED,44,1.0,contrastive_full_expression,0.4911111111111111,0.044988906658383995
class_AED,44,1.0,contrastive_full_concat,0.518888888888889,0.047694786955784205
class_AED,44,2.0,contrastive_full_structure,0.6022222222222222,0.05680564793888321
class_AED,44,2.0,contrastive_full_expression,0.5244444444444445,0.04702596674829334
class_AED,44,2.0,contrastive_full_concat,0.58,0.052364626195719126
class_AED,44,0.0,contrastive_classholdout_structure,0.8588888888888889,0.4611882320383529
class_AED,44,0.0,contrastive_classholdout_expression,0.5255555555555556,0.04541237245074708
class_AED,44,0.0,contrastive_classholdout_concat,0.8566666666666667,0.38156204691344653
class_AED,44,1.0,contrastive_classholdout_structure,0.8500000000000001,0.4515038285483049
class_AED,44,1.0,contrastive_classholdout_expression,0.4755555555555555,0.04034689348199322
class_AED,44,1.0,contrastive_classholdout_concat,0.7911111111111111,0.20205056381526967
class_AED,44,2.0,contrastive_classholdout_structure,0.8933333333333333,0.44825553546871855
class_AED,44,2.0,contrastive_classholdout_expression,0.5122222222222221,0.04346711424422893
class_AED,44,2.0,contrastive_classholdout_concat,0.8355555555555556,0.41879648129648134
class_AED,44,0.0,contrastive_debiased_structure,0.5788888888888889,0.08993273778721539
class_AED,44,0.0,contrastive_debiased_expression,0.46,0.043201758077295274
class_AED,44,0.0,contrastive_debiased_concat,0.5411111111111111,0.06515471074525647
class_AED,44,1.0,contrastive_debiased_structure,0.6177777777777778,0.07686079309878602
class_AED,44,1.0,contrastive_debiased_expression,0.4944444444444444,0.047247696861787036
class_AED,44,1.0,contrastive_debiased_concat,0.5755555555555556,0.06354610014014944
class_AED,44,2.0,contrastive_debiased_structure,0.5977777777777777,0.051377355969800455
class_AED,44,2.0,contrastive_debiased_expression,0.5011111111111111,0.04311072428529325
class_AED,44,2.0,contrastive_debiased_concat,0.5622222222222222,0.04872587628479545
class_AED,44,,contrastive_randholdout0_concat,0.5411111111111111,0.0528071607027724
class_AED,44,,contrastive_randholdout1_concat,0.5811111111111111,0.05458682043047368
class_AED,44,,contrastive_randholdout2_concat,0.5322222222222222,0.04734546612818048
class_AED,44,,raw_expression_RF,0.5177777777777778,0.08667316982534373
class_AED,44,,raw_ecfp4_RF,0.7744444444444445,0.17191569610300259
class_AED,44,,raw_concat_RF,0.46444444444444444,0.06819680146061793
class_AED,44,,neighbor_connectivity,0.7011111111111111,0.10620223789075842
class_AED,44,,random,0.4977777777777778,0.040519776061136645
class_AED,45,0.0,contrastive_full_structure,0.5566666666666666,0.05712145067408226
class_AED,45,0.0,contrastive_full_expression,0.5233333333333333,0.05247427234991558
class_AED,45,0.0,contrastive_full_concat,0.5588888888888889,0.060932450752567105
class_AED,45,1.0,contrastive_full_structure,0.5711111111111111,0.051010686395985966
class_AED,45,1.0,contrastive_full_expression,0.5711111111111111,0.05293665776194258
class_AED,45,1.0,contrastive_full_concat,0.5488888888888889,0.049883279488542646
class_AED,45,2.0,contrastive_full_structure,0.6644444444444444,0.06388403263403264
class_AED,45,2.0,contrastive_full_expression,0.5722222222222222,0.050687510271494984
class_AED,45,2.0,contrastive_full_concat,0.6344444444444445,0.059374630325871966
class_AED,45,0.0,contrastive_classholdout_structure,0.8988888888888888,0.40795327168277984
class_AED,45,0.0,contrastive_classholdout_expression,0.5211111111111111,0.04547133627137832
class_AED,45,0.0,contrastive_classholdout_concat,0.9277777777777778,0.400976800976801
class_AED,45,1.0,contrastive_classholdout_structure,0.71,0.41675338312996546
class_AED,45,1.0,contrastive_classholdout_expression,0.5311111111111111,0.04710993371707657
class_AED,45,1.0,contrastive_classholdout_concat,0.7711111111111111,0.43789327703262126
class_AED,45,2.0,contrastive_classholdout_structure,0.8066666666666666,0.23527806803668871
class_AED,45,2.0,contrastive_classholdout_expression,0.5522222222222222,0.04967552564166999
class_AED,45,2.0,contrastive_classholdout_concat,0.9155555555555556,0.23819444444444446
class_AED,45,0.0,contrastive_debiased_structure,0.5800000000000001,0.1294393787040846
class_AED,45,0.0,contrastive_debiased_expression,0.5522222222222222,0.0863220105377753
class_AED,45,0.0,contrastive_debiased_concat,0.5788888888888889,0.1234143529731805
class_AED,45,1.0,contrastive_debiased_structure,0.5911111111111111,0.06776213020470784
class_AED,45,1.0,contrastive_debiased_expression,0.5866666666666667,0.05945073482765508
class_AED,45,1.0,contrastive_debiased_concat,0.5977777777777777,0.08420872091080575
class_AED,45,2.0,contrastive_debiased_structure,0.7511111111111111,0.0844008333667668
class_AED,45,2.0,contrastive_debiased_expression,0.5933333333333333,0.06329169962242456
class_AED,45,2.0,contrastive_debiased_concat,0.7088888888888889,0.08464826896769441
class_AED,45,,contrastive_randholdout0_concat,0.62,0.09595622318806861
class_AED,45,,contrastive_randholdout1_concat,0.6055555555555556,0.08532736320553705
class_AED,45,,contrastive_randholdout2_concat,0.6144444444444445,0.09988207730143214
class_AED,45,,raw_expression_RF,0.4772222222222222,0.04911025092403342
class_AED,45,,raw_ecfp4_RF,0.8055555555555556,0.20987744831830854
class_AED,45,,raw_concat_RF,0.5038888888888889,0.044181264495344374
class_AED,45,,neighbor_connectivity,0.5177777777777778,0.0987705373807828
class_AED,45,,random,0.49666666666666665,0.04215421506303934
class_AED,46,0.0,contrastive_full_structure,0.5066666666666667,0.043957845040683924
class_AED,46,0.0,contrastive_full_expression,0.44,0.04155330182496545
class_AED,46,0.0,contrastive_full_concat,0.4711111111111111,0.040437930524137425
class_AED,46,1.0,contrastive_full_structure,0.5555555555555556,0.049856993267148875
class_AED,46,1.0,contrastive_full_expression,0.4622222222222222,0.05427800136287709
class_AED,46,1.0,contrastive_full_concat,0.49777777777777776,0.046007519169283875
class_AED,46,2.0,contrastive_full_structure,0.6044444444444445,0.056424240305123434
class_AED,46,2.0,contrastive_full_expression,0.49444444444444446,0.05043769131301217
class_AED,46,2.0,contrastive_full_concat,0.5522222222222222,0.050790326166493364
class_AED,46,0.0,contrastive_classholdout_structure,0.79,0.2823502886002886
class_AED,46,0.0,contrastive_classholdout_expression,0.39,0.036467650730704265
class_AED,46,0.0,contrastive_classholdout_concat,0.6255555555555556,0.29148320814987483
class_AED,46,1.0,contrastive_classholdout_structure,0.7755555555555556,0.2806315520407181
class_AED,46,1.0,contrastive_classholdout_expression,0.3911111111111111,0.03573295985060691
class_AED,46,1.0,contrastive_classholdout_concat,0.5966666666666667,0.25414169164169165
class_AED,46,2.0,contrastive_classholdout_structure,0.7033333333333334,0.14735425044539216
class_AED,46,2.0,contrastive_classholdout_expression,0.4477777777777778,0.04134546990330059
class_AED,46,2.0,contrastive_classholdout_concat,0.5255555555555556,0.21281583000333
class_AED,46,0.0,contrastive_debiased_structure,0.4922222222222222,0.048829754743870996
class_AED,46,0.0,contrastive_debiased_expression,0.41444444444444445,0.04101270772238514
class_AED,46,0.0,contrastive_debiased_concat,0.46888888888888886,0.044885538983459844
class_AED,46,1.0,contrastive_debiased_structure,0.4888888888888889,0.0709016377670403
class_AED,46,1.0,contrastive_debiased_expression,0.47444444444444445,0.04649099664237662
class_AED,46,1.0,contrastive_debiased_concat,0.46444444444444444,0.05243411997427941
class_AED,46,2.0,contrastive_debiased_structure,0.48333333333333334,0.07822396382065726
class_AED,46,2.0,contrastive_debiased_expression,0.43,0.04280818180968536
class_AED,46,2.0,contrastive_debiased_concat,0.45666666666666667,0.054809592287009636
class_AED,46,,contrastive_randholdout0_concat,0.6033333333333334,0.06702484361484054
class_AED,46,,contrastive_randholdout1_concat,0.5144444444444445,0.050953554119129454
class_AED,46,,contrastive_randholdout2_concat,0.5366666666666666,0.053084045139553684
class_AED,46,,raw_expression_RF,0.5149999999999999,0.05846654768231904
class_AED,46,,raw_ecfp4_RF,0.7588888888888888,0.24741299118312443
class_AED,46,,raw_concat_RF,0.5216666666666666,0.04603086209455415
class_AED,46,,neighbor_connectivity,0.3466666666666667,0.03254201516919152
class_AED,46,,random,0.6888888888888889,0.22721002096898796
class_AED,47,0.0,contrastive_full_structure,0.38555555555555554,0.04111226355015175
class_AED,47,0.0,contrastive_full_expression,0.4288888888888889,0.057987781663780776
class_AED,47,0.0,contrastive_full_concat,0.39888888888888885,0.05198691192107084
class_AED,47,1.0,contrastive_full_structure,0.41888888888888887,0.04008661760105969
class_AED,47,1.0,contrastive_full_expression,0.41777777777777775,0.06510408603462281
class_AED,47,1.0,contrastive_full_concat,0.41111111111111115,0.05873862531906498
class_AED,47,2.0,contrastive_full_structure,0.43666666666666665,0.057091126213933224
class_AED,47,2.0,contrastive_full_expression,0.4088888888888889,0.06348030266132013
class_AED,47,2.0,contrastive_full_concat,0.41777777777777775,0.06806635680335182
class_AED,47,0.0,contrastive_classholdout_structure,0.8866666666666667,0.5731929708222812
class_AED,47,0.0,contrastive_classholdout_expression,0.4344444444444444,0.05068481654642526
class_AED,47,0.0,contrastive_classholdout_concat,0.6977777777777777,0.3986813426329555
class_AED,47,1.0,contrastive_classholdout_structure,0.7933333333333333,0.3881868131868132
class_AED,47,1.0,contrastive_classholdout_expression,0.43999999999999995,0.04995781599630837
class_AED,47,1.0,contrastive_classholdout_concat,0.4488888888888889,0.3564447012374211
class_AED,47,2.0,contrastive_classholdout_structure,0.778888888888889,0.3519584720680725
class_AED,47,2.0,contrastive_classholdout_expression,0.43333333333333335,0.04862204184379164
class_AED,47,2.0,contrastive_classholdout_concat,0.6111111111111112,0.3337139541540893
class_AED,47,0.0,contrastive_debiased_structure,0.44555555555555554,0.04961288711288711
class_AED,47,0.0,contrastive_debiased_expression,0.41666666666666674,0.05289150474081981
class_AED,47,0.0,contrastive_debiased_concat,0.4422222222222222,0.05749341527655838
class_AED,47,1.0,contrastive_debiased_structure,0.53,0.059092809831629345
class_AED,47,1.0,contrastive_debiased_expression,0.4411111111111112,0.06176436856317162
class_AED,47,1.0,contrastive_debiased_concat,0.47222222222222215,0.054379603502410515
class_AED,47,2.0,contrastive_debiased_structure,0.47333333333333333,0.04989689323022656
class_AED,47,2.0,contrastive_debiased_expression,0.41888888888888887,0.05903818403818403
class_AED,47,2.0,contrastive_debiased_concat,0.45111111111111113,0.05592346652263021
class_AED,47,,contrastive_randholdout0_concat,0.4488888888888889,0.05320478695360654
class_AED,47,,contrastive_randholdout1_concat,0.49777777777777776,0.06449387896488504
class_AED,47,,contrastive_randholdout2_concat,0.4411111111111111,0.082028689419412
class_AED,47,,raw_expression_RF,0.5966666666666667,0.05787113949439949
class_AED,47,,raw_ecfp4_RF,0.7733333333333333,0.30552000631986415
class_AED,47,,raw_concat_RF,0.5988888888888888,0.06327685226046877
class_AED,47,,neighbor_connectivity,0.47,0.0395966352780518
class_AED,47,,random,0.6144444444444445,0.03309200547174651
class_AED,48,0.0,contrastive_full_structure,0.5077777777777778,0.05147434000154864
class_AED,48,0.0,contrastive_full_expression,0.5777777777777778,0.0845573708346728
class_AED,48,0.0,contrastive_full_concat,0.49444444444444446,0.051545122610878916
class_AED,48,1.0,contrastive_full_structure,0.5933333333333333,0.054474035174748026
class_AED,48,1.0,contrastive_full_expression,0.6244444444444444,0.08090837212077814
class_AED,48,1.0,contrastive_full_concat,0.5877777777777777,0.056270097874369124
class_AED,48,2.0,contrastive_full_structure,0.6344444444444444,0.09864371041325376
class_AED,48,2.0,contrastive_full_expression,0.6033333333333333,0.10910762387618639
class_AED,48,2.0,contrastive_full_concat,0.6055555555555556,0.13271731784390012
class_AED,48,0.0,contrastive_classholdout_structure,0.7933333333333334,0.26834781187240203
class_AED,48,0.0,contrastive_classholdout_expression,0.5599999999999999,0.058489745790912276
class_AED,48,0.0,contrastive_classholdout_concat,0.7799999999999999,0.26250825000825
class_AED,48,1.0,contrastive_classholdout_structure,0.7211111111111111,0.3161654596999425
class_AED,48,1.0,contrastive_classholdout_expression,0.5222222222222223,0.047995360634151094
class_AED,48,1.0,contrastive_classholdout_concat,0.6244444444444444,0.3687521912585851
class_AED,48,2.0,contrastive_classholdout_structure,0.778888888888889,0.24607850885907534
class_AED,48,2.0,contrastive_classholdout_expression,0.5644444444444444,0.05157383466206996
class_AED,48,2.0,contrastive_classholdout_concat,0.7744444444444445,0.2746478413982001
class_AED,48,0.0,contrastive_debiased_structure,0.5977777777777777,0.13482666979213018
class_AED,48,0.0,contrastive_debiased_expression,0.5033333333333334,0.07889033308074855
class_AED,48,0.0,contrastive_debiased_concat,0.5800000000000001,0.12836927272687634
class_AED,48,1.0,contrastive_debiased_structure,0.5222222222222223,0.04619369666807997
class_AED,48,1.0,contrastive_debiased_expression,0.52,0.06070392017979895
class_AED,48,1.0,contrastive_debiased_concat,0.5066666666666666,0.0448044842786869
class_AED,48,2.0,contrastive_debiased_structure,0.6611111111111111,0.0687069134351743
class_AED,48,2.0,contrastive_debiased_expression,0.5644444444444444,0.05888304340616071
class_AED,48,2.0,contrastive_debiased_concat,0.6477777777777778,0.0664742898754381
class_AED,48,,contrastive_randholdout0_concat,0.6333333333333333,0.11789798643246918
class_AED,48,,contrastive_randholdout1_concat,0.6188888888888888,0.11767589848462762
class_AED,48,,contrastive_randholdout2_concat,0.6166666666666667,0.09060973325973179
class_AED,48,,raw_expression_RF,0.6505555555555556,0.0799564806099845
class_AED,48,,raw_ecfp4_RF,0.6822222222222222,0.0808769649497385
class_AED,48,,raw_concat_RF,0.575,0.08156593772600967
class_AED,48,,neighbor_connectivity,0.4833333333333333,0.05061653017784623
class_AED,48,,random,0.43333333333333335,0.09430302424946152
class_AED,49,0.0,contrastive_full_structure,0.5122222222222222,0.05153492304339412
class_AED,49,0.0,contrastive_full_expression,0.5044444444444445,0.08259563040731019
class_AED,49,0.0,contrastive_full_concat,0.508888888888889,0.05269178363940446
class_AED,49,1.0,contrastive_full_structure,0.5433333333333332,0.05648037954348819
class_AED,49,1.0,contrastive_full_expression,0.51,0.05199858212536319
class_AED,49,1.0,contrastive_full_concat,0.5133333333333333,0.0507478635583357
class_AED,49,2.0,contrastive_full_structure,0.3833333333333333,0.056131931988629806
class_AED,49,2.0,contrastive_full_expression,0.3877777777777777,0.07121757938762546
class_AED,49,2.0,contrastive_full_concat,0.36111111111111116,0.06069839235917142
class_AED,49,0.0,contrastive_classholdout_structure,0.8899999999999999,0.34317783373709043
class_AED,49,0.0,contrastive_classholdout_expression,0.4766666666666666,0.047952721082064095
class_AED,49,0.0,contrastive_classholdout_concat,0.8233333333333334,0.48119658119658115
class_AED,49,1.0,contrastive_classholdout_structure,0.7677777777777778,0.41336270778422946
class_AED,49,1.0,contrastive_classholdout_expression,0.4433333333333333,0.045345815216264185
class_AED,49,1.0,contrastive_classholdout_concat,0.7111111111111111,0.4334778783308194
class_AED,49,2.0,contrastive_classholdout_structure,0.8099999999999999,0.29859884252208346
class_AED,49,2.0,contrastive_classholdout_expression,0.4988888888888889,0.05283450632081463
class_AED,49,2.0,contrastive_classholdout_concat,0.8077777777777777,0.21358638240660713
class_AED,49,0.0,contrastive_debiased_structure,0.4222222222222222,0.04663376177879715
class_AED,49,0.0,contrastive_debiased_expression,0.4311111111111111,0.20238850932386945
class_AED,49,0.0,contrastive_debiased_concat,0.42111111111111105,0.04922008047008047
class_AED,49,1.0,contrastive_debiased_structure,0.4477777777777778,0.06778544061302683
class_AED,49,1.0,contrastive_debiased_expression,0.43999999999999995,0.20173748035372968
class_AED,49,1.0,contrastive_debiased_concat,0.44,0.06827041234725229
class_AED,49,2.0,contrastive_debiased_structure,0.5511111111111111,0.05712162057805578
class_AED,49,2.0,contrastive_debiased_expression,0.56,0.23151007548817767
class_AED,49,2.0,contrastive_debiased_concat,0.5644444444444444,0.07772633203719415
class_AED,49,,contrastive_randholdout0_concat,0.47444444444444445,0.050856490315918254
class_AED,49,,contrastive_randholdout1_concat,0.518888888888889,0.0683570926918451
class_AED,49,,contrastive_randholdout2_concat,0.51,0.06924146571881527
class_AED,49,,raw_expression_RF,0.5766666666666667,0.06631927823424508
class_AED,49,,raw_ecfp4_RF,0.9222222222222222,0.4849537037037037
class_AED,49,,raw_concat_RF,0.3888888888888889,0.035781249691978455
class_AED,49,,neighbor_connectivity,0.35555555555555557,0.055744535387732594
class_AED,49,,random,0.5633333333333332,0.05449903848444447
class_AED,50,0.0,contrastive_full_structure,0.5688888888888889,0.06038811324601295
class_AED,50,0.0,contrastive_full_expression,0.6288888888888888,0.07756427268668825
class_AED,50,0.0,contrastive_full_concat,0.5988888888888889,0.0637113560699578
class_AED,50,1.0,contrastive_full_structure,0.6344444444444445,0.2151119680886428
class_AED,50,1.0,contrastive_full_expression,0.6122222222222222,0.06781939811600829
class_AED,50,1.0,contrastive_full_concat,0.6277777777777778,0.09689734569287219
class_AED,50,2.0,contrastive_full_structure,0.5477777777777777,0.08535236898592533
class_AED,50,2.0,contrastive_full_expression,0.6222222222222221,0.09519566966571574
class_AED,50,2.0,contrastive_full_concat,0.5688888888888889,0.0835930473930769
class_AED,50,0.0,contrastive_classholdout_structure,0.9288888888888889,0.38126088470916053
class_AED,50,0.0,contrastive_classholdout_expression,0.6155555555555556,0.06409077154992188
class_AED,50,0.0,contrastive_classholdout_concat,0.9233333333333333,0.465066851245713
class_AED,50,1.0,contrastive_classholdout_structure,0.9133333333333333,0.6337155337155337
class_AED,50,1.0,contrastive_classholdout_expression,0.6311111111111112,0.07148369073535693
class_AED,50,1.0,contrastive_classholdout_concat,0.8466666666666667,0.6084317404260016
class_AED,50,2.0,contrastive_classholdout_structure,0.9033333333333333,0.4055358550039401
class_AED,50,2.0,contrastive_classholdout_expression,0.6022222222222222,0.06187309702878944
class_AED,50,2.0,contrastive_classholdout_concat,0.8633333333333333,0.4708333333333333
class_AED,50,0.0,contrastive_debiased_structure,0.6122222222222222,0.23387166543537047
class_AED,50,0.0,contrastive_debiased_expression,0.5988888888888889,0.212383395257411
class_AED,50,0.0,contrastive_debiased_concat,0.6155555555555555,0.2181582646743937
class_AED,50,1.0,contrastive_debiased_structure,0.5877777777777777,0.05978253248473837
class_AED,50,1.0,contrastive_debiased_expression,0.5411111111111111,0.056577643476956985
class_AED,50,1.0,contrastive_debiased_concat,0.5700000000000001,0.05380194031474549
class_AED,50,2.0,contrastive_debiased_structure,0.5800000000000001,0.0662386895442709
class_AED,50,2.0,contrastive_debiased_expression,0.5633333333333334,0.06433718133718133
class_AED,50,2.0,contrastive_debiased_concat,0.5666666666666667,0.060351150792327266
class_AED,50,,contrastive_randholdout0_concat,0.6233333333333333,0.13757922360863536
class_AED,50,,contrastive_randholdout1_concat,0.6311111111111112,0.06981524878537713
class_AED,50,,contrastive_randholdout2_concat,0.6866666666666666,0.13152209473719773
class_AED,50,,raw_expression_RF,0.49,0.04381666323476522
class_AED,50,,raw_ecfp4_RF,0.6788888888888889,0.16451874201724878
class_AED,50,,raw_concat_RF,0.5466666666666666,0.06066809425417811
class_AED,50,,neighbor_connectivity,0.49888888888888894,0.04287314627934369
class_AED,50,,random,0.42999999999999994,0.08926351124032852
class_AED,51,0.0,contrastive_full_structure,0.5066666666666667,0.04285212744946351
class_AED,51,0.0,contrastive_full_expression,0.49333333333333335,0.04160652922414259
class_AED,51,0.0,contrastive_full_concat,0.49444444444444446,0.041276292614078294
class_AED,51,1.0,contrastive_full_structure,0.701111111111111,0.0711197317175578
class_AED,51,1.0,contrastive_full_expression,0.5055555555555555,0.04327352605611544
class_AED,51,1.0,contrastive_full_concat,0.6188888888888888,0.053958427417331534
class_AED,51,2.0,contrastive_full_structure,0.6477777777777778,0.06372381135039362
class_AED,51,2.0,contrastive_full_expression,0.5666666666666667,0.0490887105796845
class_AED,51,2.0,contrastive_full_concat,0.5933333333333334,0.051401136212060584
class_AED,51,0.0,contrastive_classholdout_structure,0.9744444444444444,0.6819605832763727
class_AED,51,0.0,contrastive_classholdout_expression,0.4866666666666667,0.040921017891126586
class_AED,51,0.0,contrastive_classholdout_concat,0.9333333333333333,0.5228194644861311
class_AED,51,1.0,contrastive_classholdout_structure,0.7977777777777777,0.3105078656755227
class_AED,51,1.0,contrastive_classholdout_expression,0.47,0.03950768437840371
class_AED,51,1.0,contrastive_classholdout_concat,0.6711111111111111,0.4010022385022385
class_AED,51,2.0,contrastive_classholdout_structure,0.9400000000000001,0.5256924079504725
class_AED,51,2.0,contrastive_classholdout_expression,0.518888888888889,0.04354890555672582
class_AED,51,2.0,contrastive_classholdout_concat,0.9333333333333333,0.42951492951492953
class_AED,51,0.0,contrastive_debiased_structure,0.6388888888888888,0.0657854424158772
class_AED,51,0.0,contrastive_debiased_expression,0.5377777777777777,0.04853027979904419
class_AED,51,0.0,contrastive_debiased_concat,0.5966666666666667,0.05418349629030566
class_AED,51,1.0,contrastive_debiased_structure,0.5188888888888888,0.04434349659010056
class_AED,51,1.0,contrastive_debiased_expression,0.5266666666666666,0.04590005717456698
class_AED,51,1.0,contrastive_debiased_concat,0.4988888888888889,0.04167931534901035
class_AED,51,2.0,contrastive_debiased_structure,0.5255555555555556,0.04570636192932983
class_AED,51,2.0,contrastive_debiased_expression,0.4355555555555556,0.03795018681524541
class_AED,51,2.0,contrastive_debiased_concat,0.4411111111111111,0.038038646158183934
class_AED,51,,contrastive_randholdout0_concat,0.5511111111111111,0.046281265031265034
class_AED,51,,contrastive_randholdout1_concat,0.6033333333333333,0.05830421781783292
class_AED,51,,contrastive_randholdout2_concat,0.42,0.036490544158117984
class_AED,51,,raw_expression_RF,0.3238888888888889,0.03237650563116928
class_AED,51,,raw_ecfp4_RF,0.8377777777777777,0.21453313221979073
class_AED,51,,raw_concat_RF,0.4288888888888889,0.04144387883358471
class_AED,51,,neighbor_connectivity,0.41222222222222227,0.03609443661227321
class_AED,51,,random,0.518888888888889,0.2273300029061639
class_Statin,42,0.0,contrastive_full_structure,1.0,1.0
class_Statin,42,0.0,contrastive_full_expression,0.9733333333333333,0.6
class_Statin,42,0.0,contrastive_full_concat,1.0,1.0
class_Statin,42,1.0,contrastive_full_structure,0.9966666666666666,0.8333333333333333
class_Statin,42,1.0,contrastive_full_expression,0.9866666666666667,0.45
class_Statin,42,1.0,contrastive_full_concat,0.9966666666666666,0.8333333333333333
class_Statin,42,2.0,contrastive_full_structure,0.9966666666666666,0.8333333333333333
class_Statin,42,2.0,contrastive_full_expression,0.97,0.5909090909090909
class_Statin,42,2.0,contrastive_full_concat,0.9933333333333334,0.75
class_Statin,42,0.0,contrastive_classholdout_structure,0.9133333333333333,0.5357142857142857
class_Statin,42,0.0,contrastive_classholdout_expression,0.8633333333333333,0.10964912280701754
class_Statin,42,0.0,contrastive_classholdout_concat,0.77,0.5140845070422535
class_Statin,42,1.0,contrastive_classholdout_structure,0.9966666666666666,0.8333333333333333
class_Statin,42,1.0,contrastive_classholdout_expression,0.7066666666666667,0.06775067750677506
class_Statin,42,1.0,contrastive_classholdout_concat,0.9966666666666666,0.8333333333333333
class_Statin,42,2.0,contrastive_classholdout_structure,0.7866666666666667,0.2653846153846154
class_Statin,42,2.0,contrastive_classholdout_expression,0.91,0.2037037037037037
class_Statin,42,2.0,contrastive_classholdout_concat,0.6166666666666667,0.5085470085470085
class_Statin,42,0.0,contrastive_debiased_structure,0.9966666666666666,0.8333333333333333
class_Statin,42,0.0,contrastive_debiased_expression,0.9966666666666666,0.8333333333333333
class_Statin,42,0.0,contrastive_debiased_concat,1.0,1.0
class_Statin,42,1.0,contrastive_debiased_structure,1.0,1.0
class_Statin,42,1.0,contrastive_debiased_expression,0.9966666666666666,0.8333333333333333
class_Statin,42,1.0,contrastive_debiased_concat,1.0,1.0
class_Statin,42,2.0,contrastive_debiased_structure,0.99,0.5
class_Statin,42,2.0,contrastive_debiased_expression,0.9866666666666667,0.6666666666666666
class_Statin,42,2.0,contrastive_debiased_concat,0.99,0.5
class_Statin,42,,contrastive_randholdout0_concat,0.9933333333333334,0.75
class_Statin,42,,contrastive_randholdout1_concat,0.9933333333333333,0.5833333333333333
class_Statin,42,,contrastive_randholdout2_concat,1.0,1.0
class_Statin,42,,raw_expression_RF,1.0,1.0
class_Statin,42,,raw_ecfp4_RF,1.0,1.0
class_Statin,42,,raw_concat_RF,1.0,1.0
class_Statin,42,,neighbor_connectivity,0.9966666666666666,0.8333333333333333
class_Statin,42,,random,0.7066666666666667,0.01324786324786325
class_Statin,43,0.0,contrastive_full_structure,0.9866666666666667,0.6666666666666666
class_Statin,43,0.0,contrastive_full_expression,0.86,0.14939024390243902
class_Statin,43,0.0,contrastive_full_concat,0.9600000000000001,0.5714285714285714
class_Statin,43,1.0,contrastive_full_structure,0.9933333333333334,0.75
class_Statin,43,1.0,contrastive_full_expression,0.91,0.5344827586206896
class_Statin,43,1.0,contrastive_full_concat,0.99,0.7
class_Statin,43,2.0,contrastive_full_structure,0.9433333333333334,0.5526315789473684
class_Statin,43,2.0,contrastive_full_expression,0.6466666666666667,0.25934579439252337
class_Statin,43,2.0,contrastive_full_concat,0.8333333333333334,0.2696078431372549
class_Statin,43,0.0,contrastive_classholdout_structure,0.9933333333333334,0.75
class_Statin,43,0.0,contrastive_classholdout_expression,0.65,0.042119565217391304
class_Statin,43,0.0,contrastive_classholdout_concat,0.98,0.625
class_Statin,43,1.0,contrastive_classholdout_structure,0.99,0.7
class_Statin,43,1.0,contrastive_classholdout_expression,0.47,0.022903453136011276
class_Statin,43,1.0,contrastive_classholdout_concat,0.9533333333333333,0.5625
class_Statin,43,2.0,contrastive_classholdout_structure,0.9566666666666667,0.24358974358974358
class_Statin,43,2.0,contrastive_classholdout_expression,0.63,0.030012771392081736
class_Statin,43,2.0,contrastive_classholdout_concat,0.8533333333333333,0.1893939393939394
class_Statin,43,0.0,contrastive_debiased_structure,0.8933333333333333,0.5294117647058824
class_Statin,43,0.0,contrastive_debiased_expression,0.84,0.52
class_Statin,43,0.0,contrastive_debiased_concat,0.8766666666666666,0.5256410256410257
class_Statin,43,1.0,contrastive_debiased_structure,0.9733333333333333,0.6
class_Statin,43,1.0,contrastive_debiased_expression,0.8966666666666667,0.5303030303030303
class_Statin,43,1.0,contrastive_debiased_concat,0.9500000000000001,0.5588235294117647
class_Statin,43,2.0,contrastive_debiased_structure,0.9666666666666667,0.5833333333333334
class_Statin,43,2.0,contrastive_debiased_expression,0.89,0.5285714285714286
class_Statin,43,2.0,contrastive_debiased_concat,0.9466666666666667,0.5555555555555556
class_Statin,43,,contrastive_randholdout0_concat,0.9066666666666667,0.5333333333333333
class_Statin,43,,contrastive_randholdout1_concat,0.9266666666666666,0.5416666666666666
class_Statin,43,,contrastive_randholdout2_concat,0.8200000000000001,0.5178571428571429
class_Statin,43,,raw_expression_RF,0.6833333333333333,0.03435672514619883
class_Statin,43,,raw_ecfp4_RF,1.0,1.0
class_Statin,43,,raw_concat_RF,0.9833333333333333,0.3333333333333333
class_Statin,43,,neighbor_connectivity,0.5833333333333333,0.023392612859097127
class_Statin,43,,random,0.36333333333333334,0.02293175334649989
class_Statin,44,0.0,contrastive_full_structure,0.9966666666666666,0.8333333333333333
class_Statin,44,0.0,contrastive_full_expression,0.9333333333333333,0.5454545454545454
class_Statin,44,0.0,contrastive_full_concat,0.9833333333333334,0.6428571428571428
class_Statin,44,1.0,contrastive_full_structure,0.9633333333333333,0.5769230769230769
class_Statin,44,1.0,contrastive_full_expression,0.9233333333333333,0.54
class_Statin,44,1.0,contrastive_full_concat,0.9566666666666667,0.5666666666666667
class_Statin,44,2.0,contrastive_full_structure,0.9299999999999999,0.5434782608695652
class_Statin,44,2.0,contrastive_full_expression,0.74,0.5125
class_Statin,44,2.0,contrastive_full_concat,0.88,0.5263157894736842
class_Statin,44,0.0,contrastive_classholdout_structure,0.8266666666666667,0.05333333333333333
class_Statin,44,0.0,contrastive_classholdout_expression,0.75,0.13851351351351351
class_Statin,44,0.0,contrastive_classholdout_concat,0.9099999999999999,0.16346153846153846
class_Statin,44,1.0,contrastive_classholdout_structure,0.9866666666666667,0.41666666666666663
class_Statin,44,1.0,contrastive_classholdout_expression,0.6466666666666667,0.25934579439252337
class_Statin,44,1.0,contrastive_classholdout_concat,0.9933333333333334,0.75
class_Statin,44,2.0,contrastive_classholdout_structure,0.8833333333333333,0.07738095238095238
class_Statin,44,2.0,contrastive_classholdout_expression,0.7866666666666666,0.5151515151515151
class_Statin,44,2.0,contrastive_classholdout_concat,0.9233333333333333,0.54
class_Statin,44,0.0,contrastive_debiased_structure,0.8933333333333333,0.5294117647058824
class_Statin,44,0.0,contrastive_debiased_expression,0.9166666666666667,0.537037037037037
class_Statin,44,0.0,contrastive_debiased_concat,0.9033333333333333,0.532258064516129
class_Statin,44,1.0,contrastive_debiased_structure,0.9666666666666667,0.5833333333333334
class_Statin,44,1.0,contrastive_debiased_expression,0.9333333333333333,0.5454545454545454
class_Statin,44,1.0,contrastive_debiased_concat,0.9533333333333333,0.5625
class_Statin,44,2.0,contrastive_debiased_structure,0.9533333333333333,0.5625
class_Statin,44,2.0,contrastive_debiased_expression,0.9266666666666666,0.5416666666666666
class_Statin,44,2.0,contrastive_debiased_concat,0.9566666666666667,0.5666666666666667
class_Statin,44,,contrastive_randholdout0_concat,0.9600000000000001,0.5714285714285714
class_Statin,44,,contrastive_randholdout1_concat,0.9666666666666667,0.5833333333333334
class_Statin,44,,contrastive_randholdout2_concat,0.9366666666666666,0.5476190476190477
class_Statin,44,,raw_expression_RF,0.7116666666666667,0.506578947368421
class_Statin,44,,raw_ecfp4_RF,1.0,1.0
class_Statin,44,,raw_concat_RF,0.9483333333333333,0.5384615384615384
class_Statin,44,,neighbor_connectivity,0.61,0.5084033613445378
class_Statin,44,,random,0.46,0.05844155844155844
class_Statin,45,0.0,contrastive_full_structure,1.0,1.0
class_Statin,45,0.0,contrastive_full_expression,0.9500000000000001,0.5588235294117647
class_Statin,45,0.0,contrastive_full_concat,0.9966666666666666,0.8333333333333333
class_Statin,45,1.0,contrastive_full_structure,1.0,1.0
class_Statin,45,1.0,contrastive_full_expression,0.9666666666666667,0.5833333333333334
class_Statin,45,1.0,contrastive_full_concat,0.9933333333333334,0.75
class_Statin,45,2.0,contrastive_full_structure,0.9966666666666666,0.8333333333333333
class_Statin,45,2.0,contrastive_full_expression,0.9400000000000001,0.3026315789473684
class_Statin,45,2.0,contrastive_full_concat,0.99,0.7
class_Statin,45,0.0,contrastive_classholdout_structure,0.9366666666666666,0.5476190476190477
class_Statin,45,0.0,contrastive_classholdout_expression,0.78,0.05631868131868132
class_Statin,45,0.0,contrastive_classholdout_concat,0.7333333333333334,0.5121951219512195
class_Statin,45,1.0,contrastive_classholdout_structure,1.0,1.0
class_Statin,45,1.0,contrastive_classholdout_expression,0.6566666666666666,0.044322344322344324
class_Statin,45,1.0,contrastive_classholdout_concat,0.9966666666666666,0.8333333333333333
class_Statin,45,2.0,contrastive_classholdout_structure,0.7966666666666666,0.5158730158730158
class_Statin,45,2.0,contrastive_classholdout_expression,0.8533333333333334,0.12380952380952381
class_Statin,45,2.0,contrastive_classholdout_concat,0.62,0.5086206896551724
class_Statin,45,0.0,contrastive_debiased_structure,0.9966666666666666,0.8333333333333333
class_Statin,45,0.0,contrastive_debiased_expression,0.9933333333333334,0.75
class_Statin,45,0.0,contrastive_debiased_concat,1.0,1.0
class_Statin,45,1.0,contrastive_debiased_structure,1.0,1.0
class_Statin,45,1.0,contrastive_debiased_expression,1.0,1.0
class_Statin,45,1.0,contrastive_debiased_concat,1.0,1.0
class_Statin,45,2.0,contrastive_debiased_structure,0.9933333333333334,0.75
class_Statin,45,2.0,contrastive_debiased_expression,0.9633333333333333,0.5769230769230769
class_Statin,45,2.0,contrastive_debiased_concat,0.9866666666666667,0.6666666666666666
class_Statin,45,,contrastive_randholdout0_concat,0.99,0.7
class_Statin,45,,contrastive_randholdout1_concat,1.0,1.0
class_Statin,45,,contrastive_randholdout2_concat,0.9933333333333334,0.75
class_Statin,45,,raw_expression_RF,1.0,1.0
class_Statin,45,,raw_ecfp4_RF,1.0,1.0
class_Statin,45,,raw_concat_RF,0.99,0.6428571428571428
class_Statin,45,,neighbor_connectivity,0.99,0.7
class_Statin,45,,random,0.7866666666666666,0.03263358778625954
class_Statin,46,0.0,contrastive_full_structure,1.0,1.0
class_Statin,46,0.0,contrastive_full_expression,0.9966666666666666,0.8333333333333333
class_Statin,46,0.0,contrastive_full_concat,1.0,1.0
class_Statin,46,1.0,contrastive_full_structure,1.0,1.0
class_Statin,46,1.0,contrastive_full_expression,1.0,1.0
class_Statin,46,1.0,contrastive_full_concat,1.0,1.0
class_Statin,46,2.0,contrastive_full_structure,0.9966666666666666,0.8333333333333333
class_Statin,46,2.0,contrastive_full_expression,0.9966666666666666,0.8333333333333333
class_Statin,46,2.0,contrastive_full_concat,0.9966666666666666,0.8333333333333333
class_Statin,46,0.0,contrastive_classholdout_structure,0.6666666666666666,0.02832415420928403
class_Statin,46,0.0,contrastive_classholdout_expression,0.9633333333333333,0.25757575757575757
class_Statin,46,0.0,contrastive_classholdout_concat,0.8533333333333333,0.5217391304347826
class_Statin,46,1.0,contrastive_classholdout_structure,0.97,0.25
class_Statin,46,1.0,contrastive_classholdout_expression,0.95,0.3125
class_Statin,46,1.0,contrastive_classholdout_concat,1.0,1.0
class_Statin,46,2.0,contrastive_classholdout_structure,0.8400000000000001,0.05982142857142857
class_Statin,46,2.0,contrastive_classholdout_expression,0.9433333333333334,0.5526315789473684
class_Statin,46,2.0,contrastive_classholdout_concat,0.9666666666666667,0.5833333333333334
class_Statin,46,0.0,contrastive_debiased_structure,0.9966666666666666,0.8333333333333333
class_Statin,46,0.0,contrastive_debiased_expression,0.9966666666666666,0.8333333333333333
class_Statin,46,0.0,contrastive_debiased_concat,0.9966666666666666,0.8333333333333333
class_Statin,46,1.0,contrastive_debiased_structure,1.0,1.0
class_Statin,46,1.0,contrastive_debiased_expression,1.0,1.0
class_Statin,46,1.0,contrastive_debiased_concat,1.0,1.0
class_Statin,46,2.0,contrastive_debiased_structure,1.0,1.0
class_Statin,46,2.0,contrastive_debiased_expression,1.0,1.0
class_Statin,46,2.0,contrastive_debiased_concat,1.0,1.0
class_Statin,46,,contrastive_randholdout0_concat,1.0,1.0
class_Statin,46,,contrastive_randholdout1_concat,1.0,1.0
class_Statin,46,,contrastive_randholdout2_concat,1.0,1.0
class_Statin,46,,raw_expression_RF,0.9299999999999999,0.532258064516129
class_Statin,46,,raw_ecfp4_RF,1.0,1.0
class_Statin,46,,raw_concat_RF,0.99,0.6428571428571428
class_Statin,46,,neighbor_connectivity,0.75,0.512987012987013
class_Statin,46,,random,0.7733333333333334,0.02152014652014652
class_Statin,47,0.0,contrastive_full_structure,0.9766666666666667,0.6111111111111112
class_Statin,47,0.0,contrastive_full_expression,0.8966666666666667,0.5303030303030303
class_Statin,47,0.0,contrastive_full_concat,0.9566666666666667,0.5666666666666667
class_Statin,47,1.0,contrastive_full_structure,0.9666666666666667,0.5833333333333334
class_Statin,47,1.0,contrastive_full_expression,0.89,0.5285714285714286
class_Statin,47,1.0,contrastive_full_concat,0.9600000000000001,0.5714285714285714
class_Statin,47,2.0,contrastive_full_structure,0.9199999999999999,0.5384615384615384
class_Statin,47,2.0,contrastive_full_expression,0.7466666666666666,0.5128205128205128
class_Statin,47,2.0,contrastive_full_concat,0.88,0.5263157894736842
class_Statin,47,0.0,contrastive_classholdout_structure,0.9766666666666667,0.375
class_Statin,47,0.0,contrastive_classholdout_expression,0.7533333333333333,0.2633333333333333
class_Statin,47,0.0,contrastive_classholdout_concat,0.9333333333333333,0.5454545454545454
class_Statin,47,1.0,contrastive_classholdout_structure,0.9966666666666666,0.8333333333333333
class_Statin,47,1.0,contrastive_classholdout_expression,0.6433333333333333,0.17601246105919002
class_Statin,47,1.0,contrastive_classholdout_concat,0.99,0.7
class_Statin,47,2.0,contrastive_classholdout_structure,0.9133333333333333,0.5357142857142857
class_Statin,47,2.0,contrastive_classholdout_expression,0.7766666666666666,0.5144927536231884
class_Statin,47,2.0,contrastive_classholdout_concat,0.8833333333333333,0.527027027027027
class_Statin,47,0.0,contrastive_debiased_structure,0.9066666666666667,0.5333333333333333
class_Statin,47,0.0,contrastive_debiased_expression,0.8933333333333333,0.5294117647058824
class_Statin,47,0.0,contrastive_debiased_concat,0.9,0.53125
class_Statin,47,1.0,contrastive_debiased_structure,0.9600000000000001,0.5714285714285714
class_Statin,47,1.0,contrastive_debiased_expression,0.8933333333333333,0.5294117647058824
class_Statin,47,1.0,contrastive_debiased_concat,0.9500000000000001,0.5588235294117647
class_Statin,47,2.0,contrastive_debiased_structure,0.97,0.5909090909090909
class_Statin,47,2.0,contrastive_debiased_expression,0.9,0.53125
class_Statin,47,2.0,contrastive_debiased_concat,0.9433333333333334,0.5526315789473684
class_Statin,47,,contrastive_randholdout0_concat,0.94,0.55
class_Statin,47,,contrastive_randholdout1_concat,0.9366666666666666,0.5476190476190477
class_Statin,47,,contrastive_randholdout2_concat,0.9266666666666666,0.5416666666666666
class_Statin,47,,raw_expression_RF,0.6933333333333334,0.506578947368421
class_Statin,47,,raw_ecfp4_RF,1.0,1.0
class_Statin,47,,raw_concat_RF,0.9566666666666667,0.5526315789473684
class_Statin,47,,neighbor_connectivity,0.5900000000000001,0.508
class_Statin,47,,random,0.54,0.020759890325107718
class_Statin,48,0.0,contrastive_full_structure,0.9633333333333333,0.25757575757575757
class_Statin,48,0.0,contrastive_full_expression,0.8333333333333334,0.05634920634920634
class_Statin,48,0.0,contrastive_full_concat,0.9400000000000001,0.18382352941176472
class_Statin,48,1.0,contrastive_full_structure,0.9133333333333333,0.20512820512820512
class_Statin,48,1.0,contrastive_full_expression,0.8233333333333334,0.061717352415026835
class_Statin,48,1.0,contrastive_full_concat,0.8966666666666667,0.15833333333333333
class_Statin,48,2.0,contrastive_full_structure,0.8733333333333333,0.27564102564102566
class_Statin,48,2.0,contrastive_full_expression,0.7366666666666667,0.08476190476190476
class_Statin,48,2.0,contrastive_full_concat,0.8166666666666667,0.14351851851851852
class_Statin,48,0.0,contrastive_classholdout_structure,0.32,0.014080459770114942
class_Statin,48,0.0,contrastive_classholdout_expression,0.48,0.01840080294412847
class_Statin,48,0.0,contrastive_classholdout_concat,0.12,0.011042253521126762
class_Statin,48,1.0,contrastive_classholdout_structure,0.7666666666666667,0.040079365079365076
class_Statin,48,1.0,contrastive_classholdout_expression,0.3933333333333333,0.015752765752765754
class_Statin,48,1.0,contrastive_classholdout_concat,0.5333333333333333,0.020842379504993486
class_Statin,48,2.0,contrastive_classholdout_structure,0.5666666666666667,0.024806892453951276
class_Statin,48,2.0,contrastive_classholdout_expression,0.52,0.019883040935672516
class_Statin,48,2.0,contrastive_classholdout_concat,0.31999999999999995,0.014351851851851852
class_Statin,48,0.0,contrastive_debiased_structure,0.81,0.5169491525423728
class_Statin,48,0.0,contrastive_debiased_expression,0.8166666666666668,0.18484848484848485
class_Statin,48,0.0,contrastive_debiased_concat,0.8200000000000001,0.5178571428571429
class_Statin,48,1.0,contrastive_debiased_structure,0.8666666666666667,0.5238095238095238
class_Statin,48,1.0,contrastive_debiased_expression,0.8033333333333335,0.08961038961038961
class_Statin,48,1.0,contrastive_debiased_concat,0.8433333333333333,0.5204081632653061
class_Statin,48,2.0,contrastive_debiased_structure,0.9299999999999999,0.21428571428571427
class_Statin,48,2.0,contrastive_debiased_expression,0.8533333333333333,0.10772357723577236
class_Statin,48,2.0,contrastive_debiased_concat,0.9266666666666667,0.2121212121212121
class_Statin,48,,contrastive_randholdout0_concat,0.8866666666666666,0.11559139784946236
class_Statin,48,,contrastive_randholdout1_concat,0.8733333333333333,0.525
class_Statin,48,,contrastive_randholdout2_concat,0.9,0.282258064516129
class_Statin,48,,raw_expression_RF,0.71,0.506578947368421
class_Statin,48,,raw_ecfp4_RF,0.8733333333333333,0.525
class_Statin,48,,raw_concat_RF,0.9733333333333334,0.5833333333333334
class_Statin,48,,neighbor_connectivity,0.6166666666666667,0.5085470085470085
class_Statin,48,,random,0.44666666666666666,0.022380595148787197
class_Statin,49,0.0,contrastive_full_structure,1.0,1.0
class_Statin,49,0.0,contrastive_full_expression,0.98,0.39285714285714285
class_Statin,49,0.0,contrastive_full_concat,1.0,1.0
class_Statin,49,1.0,contrastive_full_structure,0.9966666666666666,0.8333333333333333
class_Statin,49,1.0,contrastive_full_expression,0.9933333333333333,0.5833333333333333
class_Statin,49,1.0,contrastive_full_concat,1.0,1.0
class_Statin,49,2.0,contrastive_full_structure,1.0,1.0
class_Statin,49,2.0,contrastive_full_expression,0.9766666666666667,0.30952380952380953
class_Statin,49,2.0,contrastive_full_concat,1.0,1.0
class_Statin,49,0.0,contrastive_classholdout_structure,0.9,0.282258064516129
class_Statin,49,0.0,contrastive_classholdout_expression,0.8366666666666667,0.06203007518796992
class_Statin,49,0.0,contrastive_classholdout_concat,0.9633333333333333,0.5769230769230769
class_Statin,49,1.0,contrastive_classholdout_structure,0.9933333333333334,0.75
class_Statin,49,1.0,contrastive_classholdout_expression,0.6766666666666666,0.03399122807017543
class_Statin,49,1.0,contrastive_classholdout_concat,1.0,1.0
class_Statin,49,2.0,contrastive_classholdout_structure,0.7833333333333334,0.18205128205128204
class_Statin,49,2.0,contrastive_classholdout_expression,0.8633333333333333,0.06696428571428571
class_Statin,49,2.0,contrastive_classholdout_concat,0.7566666666666666,0.5133333333333333
class_Statin,49,0.0,contrastive_debiased_structure,1.0,1.0
class_Statin,49,0.0,contrastive_debiased_expression,0.9866666666666667,0.45
class_Statin,49,0.0,contrastive_debiased_concat,1.0,1.0
class_Statin,49,1.0,contrastive_debiased_structure,1.0,1.0
class_Statin,49,1.0,contrastive_debiased_expression,0.9966666666666666,0.8333333333333333
class_Statin,49,1.0,contrastive_debiased_concat,1.0,1.0
class_Statin,49,2.0,contrastive_debiased_structure,0.9966666666666666,0.8333333333333333
class_Statin,49,2.0,contrastive_debiased_expression,0.99,0.7
class_Statin,49,2.0,contrastive_debiased_concat,0.9933333333333333,0.5833333333333333
class_Statin,49,,contrastive_randholdout0_concat,1.0,1.0
class_Statin,49,,contrastive_randholdout1_concat,1.0,1.0
class_Statin,49,,contrastive_randholdout2_concat,1.0,1.0
class_Statin,49,,raw_expression_RF,0.7033333333333334,0.506578947368421
class_Statin,49,,raw_ecfp4_RF,1.0,1.0
class_Statin,49,,raw_concat_RF,0.9933333333333334,0.5833333333333333
class_Statin,49,,neighbor_connectivity,0.6799999999999999,0.5102040816326531
class_Statin,49,,random,0.1933333333333333,0.07150900900900901
class_Statin,50,0.0,contrastive_full_structure,0.9733333333333334,0.6
class_Statin,50,0.0,contrastive_full_expression,0.9,0.19999999999999998
class_Statin,50,0.0,contrastive_full_concat,0.9633333333333333,0.5769230769230769
class_Statin,50,1.0,contrastive_full_structure,0.97,0.5909090909090909
class_Statin,50,1.0,contrastive_full_expression,0.88,0.19444444444444442
class_Statin,50,1.0,contrastive_full_concat,0.9600000000000001,0.5714285714285714
class_Statin,50,2.0,contrastive_full_structure,0.8999999999999999,0.53125
class_Statin,50,2.0,contrastive_full_expression,0.6599999999999999,0.1349009900990099
class_Statin,50,2.0,contrastive_full_concat,0.84,0.52
class_Statin,50,0.0,contrastive_classholdout_structure,0.9866666666666667,0.45
class_Statin,50,0.0,contrastive_classholdout_expression,0.66,0.03393425238600212
class_Statin,50,0.0,contrastive_classholdout_concat,0.9766666666666667,0.375
class_Statin,50,1.0,contrastive_classholdout_structure,0.9933333333333334,0.75
class_Statin,50,1.0,contrastive_classholdout_expression,0.47333333333333333,0.022964015151515152
class_Statin,50,1.0,contrastive_classholdout_concat,0.97,0.5909090909090909
class_Statin,50,2.0,contrastive_classholdout_structure,0.9766666666666667,0.6111111111111112
class_Statin,50,2.0,contrastive_classholdout_expression,0.66,0.030844155844155844
class_Statin,50,2.0,contrastive_classholdout_concat,0.8966666666666667,0.5303030303030303
class_Statin,50,0.0,contrastive_debiased_structure,0.9033333333333333,0.532258064516129
class_Statin,50,0.0,contrastive_debiased_expression,0.8266666666666668,0.1858974358974359
class_Statin,50,0.0,contrastive_debiased_concat,0.8833333333333333,0.527027027027027
class_Statin,50,1.0,contrastive_debiased_structure,0.9433333333333334,0.5526315789473684
class_Statin,50,1.0,contrastive_debiased_expression,0.88,0.5263157894736842
class_Statin,50,1.0,contrastive_debiased_concat,0.9366666666666666,0.5476190476190477
class_Statin,50,2.0,contrastive_debiased_structure,0.9466666666666667,0.5555555555555556
class_Statin,50,2.0,contrastive_debiased_expression,0.8866666666666667,0.2785714285714286
class_Statin,50,2.0,contrastive_debiased_concat,0.94,0.55
class_Statin,50,,contrastive_randholdout0_concat,0.8933333333333333,0.5294117647058824
class_Statin,50,,contrastive_randholdout1_concat,0.9199999999999999,0.5384615384615384
class_Statin,50,,contrastive_randholdout2_concat,0.8200000000000001,0.5178571428571429
class_Statin,50,,raw_expression_RF,0.4533333333333333,0.013157894736842105
class_Statin,50,,raw_ecfp4_RF,1.0,1.0
class_Statin,50,,raw_concat_RF,0.7000000000000001,0.042293233082706765
class_Statin,50,,neighbor_connectivity,0.5166666666666667,0.020113199919142913
class_Statin,50,,random,0.34,0.01148989898989899
class_Statin,51,0.0,contrastive_full_structure,0.99,0.7
class_Statin,51,0.0,contrastive_full_expression,0.9,0.53125
class_Statin,51,0.0,contrastive_full_concat,0.97,0.5909090909090909
class_Statin,51,1.0,contrastive_full_structure,1.0,1.0
class_Statin,51,1.0,contrastive_full_expression,0.91,0.5344827586206896
class_Statin,51,1.0,contrastive_full_concat,0.9933333333333334,0.75
class_Statin,51,2.0,contrastive_full_structure,0.94,0.55
class_Statin,51,2.0,contrastive_full_expression,0.6766666666666667,0.51010101010101
class_Statin,51,2.0,contrastive_full_concat,0.8666666666666667,0.5238095238095238
class_Statin,51,0.0,contrastive_classholdout_structure,0.9966666666666666,0.8333333333333333
class_Statin,51,0.0,contrastive_classholdout_expression,0.6866666666666668,0.04359567901234568
class_Statin,51,0.0,contrastive_classholdout_concat,0.97,0.35
class_Statin,51,1.0,contrastive_classholdout_structure,0.99,0.7
class_Statin,51,1.0,contrastive_classholdout_expression,0.5233333333333333,0.028264462809917356
class_Statin,51,1.0,contrastive_classholdout_concat,0.9633333333333333,0.5769230769230769
class_Statin,51,2.0,contrastive_classholdout_structure,0.9400000000000001,0.3026315789473684
class_Statin,51,2.0,contrastive_classholdout_expression,0.71,0.04311039484286865
class_Statin,51,2.0,contrastive_classholdout_concat,0.8833333333333333,0.2777777777777778
class_Statin,51,0.0,contrastive_debiased_structure,0.9166666666666667,0.537037037037037
class_Statin,51,0.0,contrastive_debiased_expression,0.8766666666666666,0.5256410256410257
class_Statin,51,0.0,contrastive_debiased_concat,0.9066666666666667,0.5333333333333333
class_Statin,51,1.0,contrastive_debiased_structure,0.9666666666666667,0.5833333333333334
class_Statin,51,1.0,contrastive_debiased_expression,0.9199999999999999,0.5384615384615384
class_Statin,51,1.0,contrastive_debiased_concat,0.9600000000000001,0.5714285714285714
class_Statin,51,2.0,contrastive_debiased_structure,0.9766666666666667,0.6111111111111112
class_Statin,51,2.0,contrastive_debiased_expression,0.9233333333333333,0.54
class_Statin,51,2.0,contrastive_debiased_concat,0.9666666666666667,0.5833333333333334
class_Statin,51,,contrastive_randholdout0_concat,0.9066666666666667,0.5333333333333333
class_Statin,51,,contrastive_randholdout1_concat,0.9333333333333333,0.5454545454545454
class_Statin,51,,contrastive_randholdout2_concat,0.8333333333333334,0.5192307692307693
class_Statin,51,,raw_expression_RF,0.44333333333333336,0.013157894736842105
class_Statin,51,,raw_ecfp4_RF,1.0,1.0
class_Statin,51,,raw_concat_RF,0.9083333333333333,0.07681159420289854
class_Statin,51,,neighbor_connectivity,0.5666666666666667,0.022474747474747474
class_Statin,51,,random,0.39333333333333337,0.011622636622636622
class_SSRI,42,0.0,contrastive_full_structure,0.7133333333333334,0.044444444444444446
class_SSRI,42,0.0,contrastive_full_expression,0.8533333333333333,0.06340579710144928
class_SSRI,42,0.0,contrastive_full_concat,0.7466666666666666,0.037820512820512825
class_SSRI,42,1.0,contrastive_full_structure,0.72,0.045454545454545456
class_SSRI,42,1.0,contrastive_full_expression,0.8366666666666667,0.05703703703703704
class_SSRI,42,1.0,contrastive_full_concat,0.72,0.03365384615384615
class_SSRI,42,2.0,contrastive_full_structure,0.8866666666666667,0.10526315789473684
class_SSRI,42,2.0,contrastive_full_expression,0.9,0.0900735294117647
class_SSRI,42,2.0,contrastive_full_concat,0.9066666666666666,0.09583333333333333
class_SSRI,42,0.0,contrastive_classholdout_structure,0.86,0.08695652173913043
class_SSRI,42,0.0,contrastive_classholdout_expression,0.6966666666666667,0.034492753623188405
class_SSRI,42,0.0,contrastive_classholdout_concat,0.7166666666666666,0.04206349206349206
class_SSRI,42,1.0,contrastive_classholdout_structure,0.98,0.4
class_SSRI,42,1.0,contrastive_classholdout_expression,0.6466666666666667,0.027402402402402402
class_SSRI,42,1.0,contrastive_classholdout_concat,0.9766666666666667,0.29166666666666663
class_SSRI,42,2.0,contrastive_classholdout_structure,0.8666666666666667,0.09090909090909091
class_SSRI,42,2.0,contrastive_classholdout_expression,0.7,0.03286637931034483
class_SSRI,42,2.0,contrastive_classholdout_concat,0.8633333333333334,0.0664488017429194
class_SSRI,42,0.0,contrastive_debiased_structure,0.9266666666666666,0.15384615384615385
class_SSRI,42,0.0,contrastive_debiased_expression,0.9133333333333333,0.14166666666666666
class_SSRI,42,0.0,contrastive_debiased_concat,0.89,0.08545454545454545
class_SSRI,42,1.0,contrastive_debiased_structure,0.8066666666666666,0.06451612903225806
class_SSRI,42,1.0,contrastive_debiased_expression,0.7233333333333334,0.034239130434782605
class_SSRI,42,1.0,contrastive_debiased_concat,0.73,0.03489702517162471
class_SSRI,42,2.0,contrastive_debiased_structure,0.8200000000000001,0.06896551724137931
class_SSRI,42,2.0,contrastive_debiased_expression,0.8466666666666667,0.05952380952380952
class_SSRI,42,2.0,contrastive_debiased_concat,0.8066666666666666,0.04816017316017316
class_SSRI,42,,contrastive_randholdout0_concat,0.8500000000000001,0.06084656084656084
class_SSRI,42,,contrastive_randholdout1_concat,0.8733333333333333,0.07261904761904761
class_SSRI,42,,contrastive_randholdout2_concat,0.8433333333333334,0.05829228243021346
class_SSRI,42,,raw_expression_RF,0.30333333333333334,0.013157894736842105
class_SSRI,42,,raw_ecfp4_RF,0.9933333333333333,0.6666666666666666
class_SSRI,42,,raw_concat_RF,0.32,0.013157894736842105
class_SSRI,42,,neighbor_connectivity,0.62,0.026754075124025514
class_SSRI,42,,random,0.7066666666666667,0.01324786324786325
class_SSRI,43,0.0,contrastive_full_structure,0.47,0.018055555555555554
class_SSRI,43,0.0,contrastive_full_expression,0.5033333333333333,0.01991281949673073
class_SSRI,43,0.0,contrastive_full_concat,0.49333333333333335,0.019102435769102435
class_SSRI,43,1.0,contrastive_full_structure,0.30666666666666664,0.014407131011608624
class_SSRI,43,1.0,contrastive_full_expression,0.38333333333333336,0.017730496453900707
class_SSRI,43,1.0,contrastive_full_concat,0.33666666666666667,0.015565134099616858
class_SSRI,43,2.0,contrastive_full_structure,0.6733333333333333,0.029156816390858944
class_SSRI,43,2.0,contrastive_full_expression,0.4766666666666667,0.018874643874643875
class_SSRI,43,2.0,contrastive_full_concat,0.5933333333333333,0.023361976369495163
class_SSRI,43,0.0,contrastive_classholdout_structure,0.6733333333333333,0.2601010101010101
class_SSRI,43,0.0,contrastive_classholdout_expression,0.49,0.025115395058376323
class_SSRI,43,0.0,contrastive_classholdout_concat,0.43999999999999995,0.020396270396270396
class_SSRI,43,1.0,contrastive_classholdout_structure,0.75,0.2631578947368421
class_SSRI,43,1.0,contrastive_classholdout_expression,0.47333333333333333,0.021578029642545772
class_SSRI,43,1.0,contrastive_classholdout_concat,0.48,0.02824074074074074
class_SSRI,43,2.0,contrastive_classholdout_structure,0.8166666666666668,0.18484848484848485
class_SSRI,43,2.0,contrastive_classholdout_expression,0.47000000000000003,0.02476017630282603
class_SSRI,43,2.0,contrastive_classholdout_concat,0.5700000000000001,0.02379619260918253
class_SSRI,43,0.0,contrastive_debiased_structure,0.45999999999999996,0.018145753746694096
class_SSRI,43,0.0,contrastive_debiased_expression,0.36000000000000004,0.015027612574341546
class_SSRI,43,0.0,contrastive_debiased_concat,0.3866666666666667,0.01601464195836193
class_SSRI,43,1.0,contrastive_debiased_structure,0.6833333333333333,0.029809725158562367
class_SSRI,43,1.0,contrastive_debiased_expression,0.5266666666666666,0.020303527481542245
class_SSRI,43,1.0,contrastive_debiased_concat,0.6,0.02409957627118644
class_SSRI,43,2.0,contrastive_debiased_structure,0.45,0.017565068980230407
class_SSRI,43,2.0,contrastive_debiased_expression,0.45,0.017448512585812356
class_SSRI,43,2.0,contrastive_debiased_concat,0.45,0.017565068980230407
class_SSRI,43,,contrastive_randholdout0_concat,0.55,0.025925925925925925
class_SSRI,43,,contrastive_randholdout1_concat,0.5166666666666666,0.019701213818860877
class_SSRI,43,,contrastive_randholdout2_concat,0.43999999999999995,0.017238828055637763
class_SSRI,43,,raw_expression_RF,0.33666666666666667,0.013157894736842105
class_SSRI,43,,raw_ecfp4_RF,0.735,0.06906906906906907
class_SSRI,43,,raw_concat_RF,0.32,0.013157894736842105
class_SSRI,43,,neighbor_connectivity,0.24333333333333335,0.01290786584904232
class_SSRI,43,,random,0.36333333333333334,0.02293175334649989
class_SSRI,44,0.0,contrastive_full_structure,0.8633333333333333,0.5232558139534884
class_SSRI,44,0.0,contrastive_full_expression,0.7033333333333334,0.17790262172284643
class_SSRI,44,0.0,contrastive_full_concat,0.8433333333333334,0.2708333333333333
class_SSRI,44,1.0,contrastive_full_structure,0.5566666666666666,0.5074074074074074
class_SSRI,44,1.0,contrastive_full_expression,0.56,0.2575187969924812
class_SSRI,44,1.0,contrastive_full_concat,0.5433333333333333,0.5071942446043165
class_SSRI,44,2.0,contrastive_full_structure,0.7933333333333333,0.515625
class_SSRI,44,2.0,contrastive_full_expression,0.6733333333333333,0.51
class_SSRI,44,2.0,contrastive_full_concat,0.72,0.5116279069767442
class_SSRI,44,0.0,contrastive_classholdout_structure,1.0,1.0
class_SSRI,44,0.0,contrastive_classholdout_expression,0.43333333333333335,0.018000642880102863
class_SSRI,44,0.0,contrastive_classholdout_concat,0.9666666666666666,0.34090909090909094
class_SSRI,44,1.0,contrastive_classholdout_structure,0.9966666666666666,0.8333333333333333
class_SSRI,44,1.0,contrastive_classholdout_expression,0.5133333333333333,0.02088744588744589
class_SSRI,44,1.0,contrastive_classholdout_concat,0.9533333333333333,0.5625
class_SSRI,44,2.0,contrastive_classholdout_structure,0.9966666666666666,0.8333333333333333
class_SSRI,44,2.0,contrastive_classholdout_expression,0.5066666666666666,0.024028361344537813
class_SSRI,44,2.0,contrastive_classholdout_concat,0.99,0.7
class_SSRI,44,0.0,contrastive_debiased_structure,0.73,0.5120481927710844
class_SSRI,44,0.0,contrastive_debiased_expression,0.6966666666666667,0.510752688172043
class_SSRI,44,0.0,contrastive_debiased_concat,0.7066666666666667,0.5111111111111111
class_SSRI,44,1.0,contrastive_debiased_structure,0.8466666666666667,0.5208333333333334
class_SSRI,44,1.0,contrastive_debiased_expression,0.7533333333333333,0.1386986301369863
class_SSRI,44,1.0,contrastive_debiased_concat,0.8166666666666667,0.5175438596491229
class_SSRI,44,2.0,contrastive_debiased_structure,0.7866666666666666,0.5151515151515151
class_SSRI,44,2.0,contrastive_debiased_expression,0.72,0.26176470588235295
class_SSRI,44,2.0,contrastive_debiased_concat,0.76,0.5135135135135135
class_SSRI,44,,contrastive_randholdout0_concat,0.6866666666666666,0.5104166666666666
class_SSRI,44,,contrastive_randholdout1_concat,0.7966666666666666,0.5158730158730158
class_SSRI,44,,contrastive_randholdout2_concat,0.6666666666666667,0.5098039215686274
class_SSRI,44,,raw_expression_RF,0.32,0.013157894736842105
class_SSRI,44,,raw_ecfp4_RF,0.91,0.5344827586206896
class_SSRI,44,,raw_concat_RF,0.5366666666666666,0.016995614035087717
class_SSRI,44,,neighbor_connectivity,0.6599999999999999,0.046703296703296704
class_SSRI,44,,random,0.46,0.05844155844155844
class_SSRI,45,0.0,contrastive_full_structure,0.8733333333333333,0.525
class_SSRI,45,0.0,contrastive_full_expression,0.6566666666666667,0.17637540453074432
class_SSRI,45,0.0,contrastive_full_concat,0.81,0.5169491525423728
class_SSRI,45,1.0,contrastive_full_structure,0.5433333333333333,0.5071942446043165
class_SSRI,45,1.0,contrastive_full_expression,0.55,0.25735294117647056
class_SSRI,45,1.0,contrastive_full_concat,0.5366666666666666,0.5070921985815603
class_SSRI,45,2.0,contrastive_full_structure,0.7966666666666666,0.5158730158730158
class_SSRI,45,2.0,contrastive_full_expression,0.6633333333333333,0.25980392156862747
class_SSRI,45,2.0,contrastive_full_concat,0.7366666666666667,0.5123456790123457
class_SSRI,45,0.0,contrastive_classholdout_structure,0.9933333333333334,0.75
class_SSRI,45,0.0,contrastive_classholdout_expression,0.3466666666666667,0.015443098123069612
class_SSRI,45,0.0,contrastive_classholdout_concat,0.9299999999999999,0.5434782608695652
class_SSRI,45,1.0,contrastive_classholdout_structure,1.0,1.0
class_SSRI,45,1.0,contrastive_classholdout_expression,0.41000000000000003,0.017555859553123575
class_SSRI,45,1.0,contrastive_classholdout_concat,0.9333333333333333,0.5454545454545454
class_SSRI,45,2.0,contrastive_classholdout_structure,1.0,1.0
class_SSRI,45,2.0,contrastive_classholdout_expression,0.41,0.018518518518518517
class_SSRI,45,2.0,contrastive_classholdout_concat,0.99,0.7
class_SSRI,45,0.0,contrastive_debiased_structure,0.7166666666666667,0.5114942528735632
class_SSRI,45,0.0,contrastive_debiased_expression,0.6200000000000001,0.10892857142857143
class_SSRI,45,0.0,contrastive_debiased_concat,0.6866666666666666,0.5104166666666666
class_SSRI,45,1.0,contrastive_debiased_structure,0.8166666666666667,0.5175438596491229
class_SSRI,45,1.0,contrastive_debiased_expression,0.69,0.17741935483870966
class_SSRI,45,1.0,contrastive_debiased_concat,0.7666666666666666,0.5138888888888888
class_SSRI,45,2.0,contrastive_debiased_structure,0.76,0.5135135135135135
class_SSRI,45,2.0,contrastive_debiased_expression,0.65,0.17619047619047618
class_SSRI,45,2.0,contrastive_debiased_concat,0.7066666666666667,0.5111111111111111
class_SSRI,45,,contrastive_randholdout0_concat,0.6766666666666667,0.51010101010101
class_SSRI,45,,contrastive_randholdout1_concat,0.77,0.5140845070422535
class_SSRI,45,,contrastive_randholdout2_concat,0.6466666666666667,0.5092592592592593
class_SSRI,45,,raw_expression_RF,0.6433333333333333,0.506578947368421
class_SSRI,45,,raw_ecfp4_RF,0.9933333333333334,0.75
class_SSRI,45,,raw_concat_RF,0.49166666666666664,0.01550751879699248
class_SSRI,45,,neighbor_connectivity,0.5800000000000001,0.025934278350515462
class_SSRI,45,,random,0.7866666666666666,0.03263358778625954
class_SSRI,46,0.0,contrastive_full_structure,0.9633333333333333,0.5769230769230769
class_SSRI,46,0.0,contrastive_full_expression,0.8966666666666667,0.15833333333333333
class_SSRI,46,0.0,contrastive_full_concat,0.9533333333333334,0.31666666666666665
class_SSRI,46,1.0,contrastive_full_structure,0.8666666666666667,0.5238095238095238
class_SSRI,46,1.0,contrastive_full_expression,0.9066666666666666,0.20238095238095238
class_SSRI,46,1.0,contrastive_full_concat,0.8666666666666667,0.5238095238095238
class_SSRI,46,2.0,contrastive_full_structure,0.98,0.625
class_SSRI,46,2.0,contrastive_full_expression,0.9466666666666667,0.22916666666666666
class_SSRI,46,2.0,contrastive_full_concat,0.9633333333333333,0.5769230769230769
class_SSRI,46,0.0,contrastive_classholdout_structure,0.83,0.5188679245283019
class_SSRI,46,0.0,contrastive_classholdout_expression,0.5366666666666666,0.020528455284552848
class_SSRI,46,0.0,contrastive_classholdout_concat,0.71,0.5112359550561798
class_SSRI,46,1.0,contrastive_classholdout_structure,0.9166666666666667,0.537037037037037
class_SSRI,46,1.0,contrastive_classholdout_expression,0.5833333333333334,0.022983976884686105
class_SSRI,46,1.0,contrastive_classholdout_concat,0.6799999999999999,0.5102040816326531
class_SSRI,46,2.0,contrastive_classholdout_structure,0.9466666666666667,0.5555555555555556
class_SSRI,46,2.0,contrastive_classholdout_expression,0.6766666666666667,0.03132588635259835
class_SSRI,46,2.0,contrastive_classholdout_concat,0.9133333333333333,0.5357142857142857
class_SSRI,46,0.0,contrastive_debiased_structure,0.9166666666666667,0.537037037037037
class_SSRI,46,0.0,contrastive_debiased_expression,0.8233333333333333,0.10333333333333333
class_SSRI,46,0.0,contrastive_debiased_concat,0.91,0.5344827586206896
class_SSRI,46,1.0,contrastive_debiased_structure,0.9933333333333334,0.75
class_SSRI,46,1.0,contrastive_debiased_expression,0.9433333333333334,0.14583333333333331
class_SSRI,46,1.0,contrastive_debiased_concat,0.99,0.7
class_SSRI,46,2.0,contrastive_debiased_structure,0.8666666666666667,0.5238095238095238
class_SSRI,46,2.0,contrastive_debiased_expression,0.89,0.11666666666666667
class_SSRI,46,2.0,contrastive_debiased_concat,0.8833333333333333,0.2777777777777778
class_SSRI,46,,contrastive_randholdout0_concat,0.8833333333333333,0.527027027027027
class_SSRI,46,,contrastive_randholdout1_concat,0.9566666666666667,0.5666666666666667
class_SSRI,46,,contrastive_randholdout2_concat,0.9033333333333333,0.2833333333333333
class_SSRI,46,,raw_expression_RF,0.32333333333333336,0.013157894736842105
class_SSRI,46,,raw_ecfp4_RF,0.99,0.7
class_SSRI,46,,raw_concat_RF,0.6466666666666667,0.1732456140350877
class_SSRI,46,,neighbor_connectivity,0.6599999999999999,0.1349009900990099
class_SSRI,46,,random,0.7733333333333334,0.02152014652014652
class_SSRI,47,0.0,contrastive_full_structure,0.87,0.524390243902439
class_SSRI,47,0.0,contrastive_full_expression,0.6566666666666667,0.17637540453074432
class_SSRI,47,0.0,contrastive_full_concat,0.8066666666666666,0.5166666666666667
class_SSRI,47,1.0,contrastive_full_structure,0.5366666666666666,0.5070921985815603
class_SSRI,47,1.0,contrastive_full_expression,0.5366666666666666,0.10729927007299271
class_SSRI,47,1.0,contrastive_full_concat,0.5266666666666666,0.256993006993007
class_SSRI,47,2.0,contrastive_full_structure,0.7966666666666666,0.5158730158730158
class_SSRI,47,2.0,contrastive_full_expression,0.6733333333333333,0.13530927835051546
class_SSRI,47,2.0,contrastive_full_concat,0.74,0.5125
class_SSRI,47,0.0,contrastive_classholdout_structure,0.9966666666666666,0.8333333333333333
class_SSRI,47,0.0,contrastive_classholdout_expression,0.3233333333333333,0.014718614718614718
class_SSRI,47,0.0,contrastive_classholdout_concat,0.9433333333333334,0.5526315789473684
class_SSRI,47,1.0,contrastive_classholdout_structure,1.0,1.0
class_SSRI,47,1.0,contrastive_classholdout_expression,0.41000000000000003,0.017427884615384616
class_SSRI,47,1.0,contrastive_classholdout_concat,0.9199999999999999,0.5384615384615384
class_SSRI,47,2.0,contrastive_classholdout_structure,1.0,1.0
class_SSRI,47,2.0,contrastive_classholdout_expression,0.3766666666666667,0.016998166172943998
class_SSRI,47,2.0,contrastive_classholdout_concat,0.9966666666666666,0.8333333333333333
class_SSRI,47,0.0,contrastive_debiased_structure,0.7,0.5108695652173914
class_SSRI,47,0.0,contrastive_debiased_expression,0.6133333333333333,0.07150900900900901
class_SSRI,47,0.0,contrastive_debiased_concat,0.6733333333333333,0.2601010101010101
class_SSRI,47,1.0,contrastive_debiased_structure,0.8133333333333334,0.5172413793103449
class_SSRI,47,1.0,contrastive_debiased_expression,0.69,0.1358695652173913
class_SSRI,47,1.0,contrastive_debiased_concat,0.7533333333333333,0.2633333333333333
class_SSRI,47,2.0,contrastive_debiased_structure,0.7366666666666667,0.5123456790123457
class_SSRI,47,2.0,contrastive_debiased_expression,0.6233333333333333,0.059433962264150944
class_SSRI,47,2.0,contrastive_debiased_concat,0.6766666666666667,0.51010101010101
class_SSRI,47,,contrastive_randholdout0_concat,0.6433333333333333,0.5091743119266054
class_SSRI,47,,contrastive_randholdout1_concat,0.7666666666666666,0.5138888888888888
class_SSRI,47,,contrastive_randholdout2_concat,0.65,0.5093457943925234
class_SSRI,47,,raw_expression_RF,0.31666666666666665,0.013157894736842105
class_SSRI,47,,raw_ecfp4_RF,0.99,0.7
class_SSRI,47,,raw_concat_RF,0.6216666666666666,0.045040485829959516
class_SSRI,47,,neighbor_connectivity,0.5466666666666666,0.023597626752966557
class_SSRI,47,,random,0.54,0.020759890325107718
class_SSRI,48,0.0,contrastive_full_structure,0.75,0.03790375741595254
class_SSRI,48,0.0,contrastive_full_expression,0.62,0.0277569392348087
class_SSRI,48,0.0,contrastive_full_concat,0.7533333333333333,0.037868162692847124
class_SSRI,48,1.0,contrastive_full_structure,0.4766666666666667,0.018779756656674307
class_SSRI,48,1.0,contrastive_full_expression,0.5066666666666666,0.024028361344537813
class_SSRI,48,1.0,contrastive_full_concat,0.4966666666666667,0.021516164994425865
class_SSRI,48,2.0,contrastive_full_structure,0.8066666666666668,0.07478632478632478
class_SSRI,48,2.0,contrastive_full_expression,0.6133333333333333,0.02790262172284644
class_SSRI,48,2.0,contrastive_full_concat,0.73,0.04292929292929293
class_SSRI,48,0.0,contrastive_classholdout_structure,0.9633333333333333,0.25757575757575757
class_SSRI,48,0.0,contrastive_classholdout_expression,0.31666666666666665,0.014102564102564103
class_SSRI,48,0.0,contrastive_classholdout_concat,0.5666666666666667,0.022501130710085936
class_SSRI,48,1.0,contrastive_classholdout_structure,0.9866666666666667,0.41666666666666663
class_SSRI,48,1.0,contrastive_classholdout_expression,0.37333333333333335,0.01526374859708193
class_SSRI,48,1.0,contrastive_classholdout_concat,0.6699999999999999,0.02865497076023392
class_SSRI,48,2.0,contrastive_classholdout_structure,0.9933333333333333,0.5833333333333333
class_SSRI,48,2.0,contrastive_classholdout_expression,0.35666666666666663,0.015268065268065269
class_SSRI,48,2.0,contrastive_classholdout_concat,0.7833333333333333,0.04583333333333334
class_SSRI,48,0.0,contrastive_debiased_structure,0.7366666666666666,0.0393939393939394
class_SSRI,48,0.0,contrastive_debiased_expression,0.5866666666666667,0.02295788939624556
class_SSRI,48,0.0,contrastive_debiased_concat,0.6833333333333333,0.031054405392392875
class_SSRI,48,1.0,contrastive_debiased_structure,0.8333333333333333,0.05827702702702703
class_SSRI,48,1.0,contrastive_debiased_expression,0.6633333333333333,0.028068137824235385
class_SSRI,48,1.0,contrastive_debiased_concat,0.7933333333333333,0.04805491990846682
class_SSRI,48,2.0,contrastive_debiased_structure,0.6699999999999999,0.032388663967611336
class_SSRI,48,2.0,contrastive_debiased_expression,0.5966666666666667,0.02458521870286576
class_SSRI,48,2.0,contrastive_debiased_concat,0.62,0.0277569392348087
class_SSRI,48,,contrastive_randholdout0_concat,0.6466666666666667,0.03259803921568627
class_SSRI,48,,contrastive_randholdout1_concat,0.7366666666666666,0.03556231003039514
class_SSRI,48,,contrastive_randholdout2_concat,0.5933333333333333,0.024877149877149878
class_SSRI,48,,raw_expression_RF,0.31,0.013157894736842105
class_SSRI,48,,raw_ecfp4_RF,0.9066666666666666,0.13846153846153847
class_SSRI,48,,raw_concat_RF,0.485,0.01464346349745331
class_SSRI,48,,neighbor_connectivity,0.4633333333333334,0.017902621722846443
class_SSRI,48,,random,0.44666666666666666,0.022380595148787197
class_SSRI,49,0.0,contrastive_full_structure,0.5666666666666667,0.022363818090954522
class_SSRI,49,0.0,contrastive_full_expression,0.5033333333333334,0.01917246299268771
class_SSRI,49,0.0,contrastive_full_concat,0.5233333333333333,0.02007992007992008
class_SSRI,49,1.0,contrastive_full_structure,0.31,0.01414858514148585
class_SSRI,49,1.0,contrastive_full_expression,0.24,0.01261574074074074
class_SSRI,49,1.0,contrastive_full_concat,0.25666666666666665,0.012917247601082588
class_SSRI,49,2.0,contrastive_full_structure,0.7866666666666666,0.04627659574468085
class_SSRI,49,2.0,contrastive_full_expression,0.5700000000000001,0.02260536398467433
class_SSRI,49,2.0,contrastive_full_concat,0.7,0.03225806451612903
class_SSRI,49,0.0,contrastive_classholdout_structure,0.8066666666666666,0.2669491525423729
class_SSRI,49,0.0,contrastive_classholdout_expression,0.37,0.015830309097734953
class_SSRI,49,0.0,contrastive_classholdout_concat,0.3533333333333334,0.014944444444444444
class_SSRI,49,1.0,contrastive_classholdout_structure,0.9500000000000001,0.5588235294117647
class_SSRI,49,1.0,contrastive_classholdout_expression,0.3866666666666667,0.01628707627118644
class_SSRI,49,1.0,contrastive_classholdout_concat,0.8466666666666667,0.06003584229390681
class_SSRI,49,2.0,contrastive_classholdout_structure,0.9600000000000001,0.5714285714285714
class_SSRI,49,2.0,contrastive_classholdout_expression,0.3766666666666667,0.016391257995735608
class_SSRI,49,2.0,contrastive_classholdout_concat,0.8533333333333334,0.06226053639846743
class_SSRI,49,0.0,contrastive_debiased_structure,0.5,0.01904761904761905
class_SSRI,49,0.0,contrastive_debiased_expression,0.3433333333333333,0.014623587794319503
class_SSRI,49,0.0,contrastive_debiased_concat,0.43,0.01675099138520443
class_SSRI,49,1.0,contrastive_debiased_structure,0.7166666666666668,0.037123745819397994
class_SSRI,49,1.0,contrastive_debiased_expression,0.45999999999999996,0.019272926561929117
class_SSRI,49,1.0,contrastive_debiased_concat,0.62,0.02738970588235294
class_SSRI,49,2.0,contrastive_debiased_structure,0.5533333333333333,0.0216602646180111
class_SSRI,49,2.0,contrastive_debiased_expression,0.42,0.016476215785277703
class_SSRI,49,2.0,contrastive_debiased_concat,0.5,0.01941498460485802
class_SSRI,49,,contrastive_randholdout0_concat,0.59,0.02326468344774981
class_SSRI,49,,contrastive_randholdout1_concat,0.4866666666666667,0.01889483065953654
class_SSRI,49,,contrastive_randholdout2_concat,0.5033333333333334,0.01917246299268771
class_SSRI,49,,raw_expression_RF,0.30666666666666664,0.013157894736842105
class_SSRI,49,,raw_ecfp4_RF,0.9866666666666667,0.6666666666666666
class_SSRI,49,,raw_concat_RF,0.29333333333333333,0.013157894736842105
class_SSRI,49,,neighbor_connectivity,0.6066666666666667,0.09202898550724638
class_SSRI,49,,random,0.1933333333333333,0.07150900900900901
class_SSRI,50,0.0,contrastive_full_structure,0.7766666666666666,0.04217854217854218
class_SSRI,50,0.0,contrastive_full_expression,0.67,0.03137065637065637
class_SSRI,50,0.0,contrastive_full_concat,0.7866666666666666,0.043557168784029036
class_SSRI,50,1.0,contrastive_full_structure,0.52,0.021243291592128802
class_SSRI,50,1.0,contrastive_full_expression,0.5333333333333333,0.024634009009009007
class_SSRI,50,1.0,contrastive_full_concat,0.5166666666666667,0.022817460317460316
class_SSRI,50,2.0,contrastive_full_structure,0.8066666666666666,0.08994708994708994
class_SSRI,50,2.0,contrastive_full_expression,0.64,0.030995475113122173
class_SSRI,50,2.0,contrastive_full_concat,0.7633333333333333,0.065625
class_SSRI,50,0.0,contrastive_classholdout_structure,0.9833333333333334,0.41666666666666663
class_SSRI,50,0.0,contrastive_classholdout_expression,0.38,0.0155168297923132
class_SSRI,50,0.0,contrastive_classholdout_concat,0.6266666666666667,0.02601330913490623
class_SSRI,50,1.0,contrastive_classholdout_structure,1.0,1.0
class_SSRI,50,1.0,contrastive_classholdout_expression,0.43333333333333335,0.01685159500693481
class_SSRI,50,1.0,contrastive_classholdout_concat,0.7000000000000001,0.031339712918660285
class_SSRI,50,2.0,contrastive_classholdout_structure,0.9933333333333333,0.5833333333333333
class_SSRI,50,2.0,contrastive_classholdout_expression,0.3866666666666667,0.01579601990049751
class_SSRI,50,2.0,contrastive_classholdout_concat,0.8133333333333334,0.0521680216802168
class_SSRI,50,0.0,contrastive_debiased_structure,0.7466666666666667,0.03707482993197279
class_SSRI,50,0.0,contrastive_debiased_expression,0.6066666666666667,0.02413984461709212
class_SSRI,50,0.0,contrastive_debiased_concat,0.7333333333333333,0.035151515151515156
class_SSRI,50,1.0,contrastive_debiased_structure,0.89,0.09259259259259259
class_SSRI,50,1.0,contrastive_debiased_expression,0.6699999999999999,0.02904040404040404
class_SSRI,50,1.0,contrastive_debiased_concat,0.8233333333333334,0.05952380952380952
class_SSRI,50,2.0,contrastive_debiased_structure,0.6933333333333334,0.03732303732303732
class_SSRI,50,2.0,contrastive_debiased_expression,0.6,0.025383141762452106
class_SSRI,50,2.0,contrastive_debiased_concat,0.6666666666666667,0.035072951739618406
class_SSRI,50,,contrastive_randholdout0_concat,0.72,0.04722222222222222
class_SSRI,50,,contrastive_randholdout1_concat,0.78,0.04224738675958188
class_SSRI,50,,contrastive_randholdout2_concat,0.65,0.03142589118198874
class_SSRI,50,,raw_expression_RF,0.35,0.013157894736842105
class_SSRI,50,,raw_ecfp4_RF,0.9266666666666667,0.13596491228070173
class_SSRI,50,,raw_concat_RF,0.31,0.013157894736842105
class_SSRI,50,,neighbor_connectivity,0.44333333333333336,0.017279821627647712
class_SSRI,50,,random,0.34,0.01148989898989899
class_SSRI,51,0.0,contrastive_full_structure,0.7433333333333334,0.03696741854636591
class_SSRI,51,0.0,contrastive_full_expression,0.6533333333333333,0.031018518518518518
class_SSRI,51,0.0,contrastive_full_concat,0.7566666666666667,0.03869047619047619
class_SSRI,51,1.0,contrastive_full_structure,0.48,0.019174311926605507
class_SSRI,51,1.0,contrastive_full_expression,0.52,0.02355543987506507
class_SSRI,51,1.0,contrastive_full_concat,0.48333333333333334,0.020525451559934318
class_SSRI,51,2.0,contrastive_full_structure,0.7799999999999999,0.07222222222222222
class_SSRI,51,2.0,contrastive_full_expression,0.6166666666666667,0.030752688172043012
class_SSRI,51,2.0,contrastive_full_concat,0.7333333333333333,0.05274725274725275
class_SSRI,51,0.0,contrastive_classholdout_structure,0.9466666666666667,0.17142857142857143
class_SSRI,51,0.0,contrastive_classholdout_expression,0.30666666666666664,0.013811642565813867
class_SSRI,51,0.0,contrastive_classholdout_concat,0.64,0.02667534157449577
class_SSRI,51,1.0,contrastive_classholdout_structure,0.9833333333333333,0.3666666666666667
class_SSRI,51,1.0,contrastive_classholdout_expression,0.36000000000000004,0.014952667814113597
class_SSRI,51,1.0,contrastive_classholdout_concat,0.7066666666666667,0.03203203203203203
class_SSRI,51,2.0,contrastive_classholdout_structure,1.0,1.0
class_SSRI,51,2.0,contrastive_classholdout_expression,0.36,0.01504603637996856
class_SSRI,51,2.0,contrastive_classholdout_concat,0.8033333333333333,0.04880952380952381
class_SSRI,51,0.0,contrastive_debiased_structure,0.6933333333333334,0.03205128205128205
class_SSRI,51,0.0,contrastive_debiased_expression,0.5533333333333333,0.021274250440917106
class_SSRI,51,0.0,contrastive_debiased_concat,0.6699999999999999,0.029910714285714284
class_SSRI,51,1.0,contrastive_debiased_structure,0.8300000000000001,0.06871035940803383
class_SSRI,51,1.0,contrastive_debiased_expression,0.63,0.026013513513513515
class_SSRI,51,1.0,contrastive_debiased_concat,0.76,0.04532163742690058
class_SSRI,51,2.0,contrastive_debiased_structure,0.6466666666666667,0.03259803921568627
class_SSRI,51,2.0,contrastive_debiased_expression,0.5666666666666667,0.023684210526315787
class_SSRI,51,2.0,contrastive_debiased_concat,0.62,0.030219780219780223
class_SSRI,51,,contrastive_randholdout0_concat,0.63,0.031235955056179775
class_SSRI,51,,contrastive_randholdout1_concat,0.7366666666666667,0.03573687539531942
class_SSRI,51,,contrastive_randholdout2_concat,0.5433333333333333,0.02272150291952272
class_SSRI,51,,raw_expression_RF,0.32333333333333336,0.013157894736842105
class_SSRI,51,,raw_ecfp4_RF,0.9133333333333333,0.5357142857142857
class_SSRI,51,,raw_concat_RF,0.45833333333333337,0.01550751879699248
class_SSRI,51,,neighbor_connectivity,0.43333333333333335,0.016936572199730094
class_SSRI,51,,random,0.39333333333333337,0.011622636622636622
class_NSAID,42,0.0,contrastive_full_structure,0.58,0.04260618608444695
class_NSAID,42,0.0,contrastive_full_expression,0.5844444444444444,0.03947623353138724
class_NSAID,42,0.0,contrastive_full_concat,0.5822222222222222,0.04087115284298383
class_NSAID,42,1.0,contrastive_full_structure,0.5533333333333332,0.04470899470899471
class_NSAID,42,1.0,contrastive_full_expression,0.45555555555555555,0.03773430130019277
class_NSAID,42,1.0,contrastive_full_concat,0.5155555555555555,0.04344729344729345
class_NSAID,42,2.0,contrastive_full_structure,0.5866666666666667,0.04234925483493639
class_NSAID,42,2.0,contrastive_full_expression,0.49999999999999994,0.039023788980648344
class_NSAID,42,2.0,contrastive_full_concat,0.5555555555555555,0.05017618040873855
class_NSAID,42,0.0,contrastive_classholdout_structure,0.6644444444444444,0.09527204821322469
class_NSAID,42,0.0,contrastive_classholdout_expression,0.4155555555555555,0.024181469871125044
class_NSAID,42,0.0,contrastive_classholdout_concat,0.5088888888888888,0.18154169431541695
class_NSAID,42,1.0,contrastive_classholdout_structure,0.9666666666666666,0.30000000000000004
class_NSAID,42,1.0,contrastive_classholdout_expression,0.4844444444444444,0.026693076777966424
class_NSAID,42,1.0,contrastive_classholdout_concat,0.9111111111111111,0.4094827586206896
class_NSAID,42,2.0,contrastive_classholdout_structure,0.9133333333333333,0.28968253968253965
class_NSAID,42,2.0,contrastive_classholdout_expression,0.5244444444444444,0.028051952343189454
class_NSAID,42,2.0,contrastive_classholdout_concat,0.8822222222222222,0.39089026915113867
class_NSAID,42,0.0,contrastive_debiased_structure,0.7533333333333334,0.05187953734465363
class_NSAID,42,0.0,contrastive_debiased_expression,0.6177777777777778,0.05036336212806801
class_NSAID,42,0.0,contrastive_debiased_concat,0.7355555555555555,0.053686892817327594
class_NSAID,42,1.0,contrastive_debiased_structure,0.6577777777777778,0.048091274397244546
class_NSAID,42,1.0,contrastive_debiased_expression,0.5622222222222222,0.08335893497183819
class_NSAID,42,1.0,contrastive_debiased_concat,0.6111111111111112,0.049796747967479675
class_NSAID,42,2.0,contrastive_debiased_structure,0.6111111111111112,0.042323232323232325
class_NSAID,42,2.0,contrastive_debiased_expression,0.5,0.04088360032964161
class_NSAID,42,2.0,contrastive_debiased_concat,0.56,0.03988304093567251
class_NSAID,42,,contrastive_randholdout0_concat,0.5933333333333333,0.039919354838709675
class_NSAID,42,,contrastive_randholdout1_concat,0.5888888888888888,0.042550472783030924
class_NSAID,42,,contrastive_randholdout2_concat,0.6688888888888889,0.059648825654923215
class_NSAID,42,,raw_expression_RF,0.2633333333333333,0.0196078431372549
class_NSAID,42,,raw_ecfp4_RF,0.8488888888888889,0.5144927536231884
class_NSAID,42,,raw_concat_RF,0.6144444444444443,0.0396871316832744
class_NSAID,42,,neighbor_connectivity,0.3422222222222222,0.01923416620297996
class_NSAID,42,,random,0.7222222222222222,0.1823876197494473
class_NSAID,43,0.0,contrastive_full_structure,0.7688888888888888,0.22656765676567658
class_NSAID,43,0.0,contrastive_full_expression,0.6844444444444444,0.11620734908136483
class_NSAID,43,0.0,contrastive_full_concat,0.7400000000000001,0.20329400196656833
class_NSAID,43,1.0,contrastive_full_structure,0.7111111111111111,0.28552971576227393
class_NSAID,43,1.0,contrastive_full_expression,0.6577777777777777,0.24745215013671387
class_NSAID,43,1.0,contrastive_full_concat,0.6911111111111111,0.3405275779376499
class_NSAID,43,2.0,contrastive_full_structure,0.7155555555555555,0.26990476190476187
class_NSAID,43,2.0,contrastive_full_expression,0.64,0.11786786786786786
class_NSAID,43,2.0,contrastive_full_concat,0.6644444444444444,0.15773809523809523
class_NSAID,43,0.0,contrastive_classholdout_structure,0.8066666666666666,0.0761904761904762
class_NSAID,43,0.0,contrastive_classholdout_expression,0.58,0.04867938042797027
class_NSAID,43,0.0,contrastive_classholdout_concat,0.6222222222222222,0.11193090825897963
class_NSAID,43,1.0,contrastive_classholdout_structure,0.8244444444444444,0.07255460588793922
class_NSAID,43,1.0,contrastive_classholdout_expression,0.6044444444444445,0.06373707875585222
class_NSAID,43,1.0,contrastive_classholdout_concat,0.6555555555555556,0.10238095238095238
class_NSAID,43,2.0,contrastive_classholdout_structure,0.9400000000000001,0.2772727272727273
class_NSAID,43,2.0,contrastive_classholdout_expression,0.6333333333333333,0.10948543963811139
class_NSAID,43,2.0,contrastive_classholdout_concat,0.8088888888888888,0.4015471167369901
class_NSAID,43,0.0,contrastive_debiased_structure,0.8599999999999999,0.4449648711943794
class_NSAID,43,0.0,contrastive_debiased_expression,0.7222222222222222,0.41567187021732477
class_NSAID,43,0.0,contrastive_debiased_concat,0.8044444444444445,0.44019933554817275
class_NSAID,43,1.0,contrastive_debiased_structure,0.7244444444444444,0.21468253968253967
class_NSAID,43,1.0,contrastive_debiased_expression,0.6822222222222222,0.30704225352112674
class_NSAID,43,1.0,contrastive_debiased_concat,0.7133333333333333,0.3078125
class_NSAID,43,2.0,contrastive_debiased_structure,0.7066666666666667,0.3723320158102767
class_NSAID,43,2.0,contrastive_debiased_expression,0.6244444444444445,0.19248445525817787
class_NSAID,43,2.0,contrastive_debiased_concat,0.6955555555555555,0.37334382788928244
class_NSAID,43,,contrastive_randholdout0_concat,0.6933333333333334,0.4148700939745716
class_NSAID,43,,contrastive_randholdout1_concat,0.7266666666666666,0.43683589138134593
class_NSAID,43,,contrastive_randholdout2_concat,0.8111111111111111,0.1793248945147679
class_NSAID,43,,raw_expression_RF,0.6366666666666667,0.04319283920801947
class_NSAID,43,,raw_ecfp4_RF,0.7955555555555555,0.20108932461873638
class_NSAID,43,,raw_concat_RF,0.6788888888888889,0.19403594771241828
class_NSAID,43,,neighbor_connectivity,0.5866666666666667,0.044071639240331875
class_NSAID,43,,random,0.2866666666666666,0.029558970735441323
class_NSAID,44,0.0,contrastive_full_structure,0.7866666666666667,0.09129243095087497
class_NSAID,44,0.0,contrastive_full_expression,0.6244444444444445,0.04523809523809524
class_NSAID,44,0.0,contrastive_full_concat,0.7333333333333333,0.0761038961038961
class_NSAID,44,1.0,contrastive_full_structure,0.62,0.053270223752151465
class_NSAID,44,1.0,contrastive_full_expression,0.6133333333333333,0.058452950558213715
class_NSAID,44,1.0,contrastive_full_concat,0.6111111111111112,0.05625012767869911
class_NSAID,44,2.0,contrastive_full_structure,0.5911111111111111,0.07354797979797979
class_NSAID,44,2.0,contrastive_full_expression,0.5266666666666666,0.047664141414141416
class_NSAID,44,2.0,contrastive_full_concat,0.5511111111111111,0.058245803727731436
class_NSAID,44,0.0,contrastive_classholdout_structure,0.691111111111111,0.0879120879120879
class_NSAID,44,0.0,contrastive_classholdout_expression,0.5488888888888889,0.031137254901960787
class_NSAID,44,0.0,contrastive_classholdout_concat,0.62,0.3522911051212938
class_NSAID,44,1.0,contrastive_classholdout_structure,0.7911111111111112,0.21746031746031744
class_NSAID,44,1.0,contrastive_classholdout_expression,0.5755555555555555,0.03806066891366347
class_NSAID,44,1.0,contrastive_classholdout_concat,0.8444444444444444,0.38484848484848483
class_NSAID,44,2.0,contrastive_classholdout_structure,0.9111111111111111,0.35833333333333334
class_NSAID,44,2.0,contrastive_classholdout_expression,0.6199999999999999,0.04105778018821497
class_NSAID,44,2.0,contrastive_classholdout_concat,0.9266666666666666,0.4226190476190476
class_NSAID,44,0.0,contrastive_debiased_structure,0.8533333333333333,0.09001949317738792
class_NSAID,44,0.0,contrastive_debiased_expression,0.6533333333333332,0.10814050448196788
class_NSAID,44,0.0,contrastive_debiased_concat,0.7888888888888889,0.08546626984126984
class_NSAID,44,1.0,contrastive_debiased_structure,0.7155555555555555,0.09246794871794872
class_NSAID,44,1.0,contrastive_debiased_expression,0.5488888888888889,0.06397050545986716
class_NSAID,44,1.0,contrastive_debiased_concat,0.66,0.08817567567567568
class_NSAID,44,2.0,contrastive_debiased_structure,0.5777777777777777,0.04613526570048309
class_NSAID,44,2.0,contrastive_debiased_expression,0.5644444444444444,0.04539411206077873
class_NSAID,44,2.0,contrastive_debiased_concat,0.5888888888888889,0.052708907254361795
class_NSAID,44,,contrastive_randholdout0_concat,0.6244444444444445,0.042446833102172905
class_NSAID,44,,contrastive_randholdout1_concat,0.7422222222222222,0.08055555555555556
class_NSAID,44,,contrastive_randholdout2_concat,0.7688888888888888,0.060552986782494975
class_NSAID,44,,raw_expression_RF,0.41333333333333333,0.01862745098039216
class_NSAID,44,,raw_ecfp4_RF,0.9488888888888889,0.5955555555555555
class_NSAID,44,,raw_concat_RF,0.4244444444444444,0.019244734931009443
class_NSAID,44,,neighbor_connectivity,0.44888888888888884,0.03092732402958896
class_NSAID,44,,random,0.5622222222222223,0.052069083447332416
class_NSAID,45,0.0,contrastive_full_structure,0.731111111111111,0.08287646198830409
class_NSAID,45,0.0,contrastive_full_expression,0.6111111111111112,0.038552032541449066
class_NSAID,45,0.0,contrastive_full_concat,0.7,0.0722466395046678
class_NSAID,45,1.0,contrastive_full_structure,0.66,0.04295547093658783
class_NSAID,45,1.0,contrastive_full_expression,0.5044444444444445,0.04319667260843731
class_NSAID,45,1.0,contrastive_full_concat,0.62,0.04039056918313884
class_NSAID,45,2.0,contrastive_full_structure,0.6466666666666666,0.036000286000286
class_NSAID,45,2.0,contrastive_full_expression,0.46444444444444444,0.024714847885579594
class_NSAID,45,2.0,contrastive_full_concat,0.5955555555555556,0.031881313131313135
class_NSAID,45,0.0,contrastive_classholdout_structure,0.47555555555555556,0.025029746082377662
class_NSAID,45,0.0,contrastive_classholdout_expression,0.4488888888888889,0.026606420084680955
class_NSAID,45,0.0,contrastive_classholdout_concat,0.3088888888888889,0.018220090891348593
class_NSAID,45,1.0,contrastive_classholdout_structure,0.6777777777777777,0.11086086086086086
class_NSAID,45,1.0,contrastive_classholdout_expression,0.49111111111111105,0.032057190121706255
class_NSAID,45,1.0,contrastive_classholdout_concat,0.6644444444444444,0.045016339869281045
class_NSAID,45,2.0,contrastive_classholdout_structure,0.84,0.37755102040816324
class_NSAID,45,2.0,contrastive_classholdout_expression,0.5555555555555556,0.03536131996658313
class_NSAID,45,2.0,contrastive_classholdout_concat,0.8044444444444444,0.06262997920332747
class_NSAID,45,0.0,contrastive_debiased_structure,0.8377777777777777,0.0938679245283019
class_NSAID,45,0.0,contrastive_debiased_expression,0.6266666666666666,0.04177638679041658
class_NSAID,45,0.0,contrastive_debiased_concat,0.7866666666666666,0.0835989835989836
class_NSAID,45,1.0,contrastive_debiased_structure,0.7177777777777777,0.043824265165728585
class_NSAID,45,1.0,contrastive_debiased_expression,0.5177777777777778,0.02678623743063479
class_NSAID,45,1.0,contrastive_debiased_concat,0.6444444444444445,0.03459037062003021
class_NSAID,45,2.0,contrastive_debiased_structure,0.6533333333333333,0.045880661132954706
class_NSAID,45,2.0,contrastive_debiased_expression,0.52,0.03211256071667971
class_NSAID,45,2.0,contrastive_debiased_concat,0.6066666666666666,0.039129967391693846
class_NSAID,45,,contrastive_randholdout0_concat,0.5822222222222222,0.034950132310757144
class_NSAID,45,,contrastive_randholdout1_concat,0.6844444444444445,0.07387921022067363
class_NSAID,45,,contrastive_randholdout2_concat,0.6622222222222222,0.04840026359013701
class_NSAID,45,,raw_expression_RF,0.5733333333333333,0.025417574437182282
class_NSAID,45,,raw_ecfp4_RF,0.7911111111111111,0.3793248945147679
class_NSAID,45,,raw_concat_RF,0.6277777777777778,0.035020796197266786
class_NSAID,45,,neighbor_connectivity,0.5044444444444445,0.05213675213675213
class_NSAID,45,,random,0.631111111111111,0.033962090201718476
class_NSAID,46,0.0,contrastive_full_structure,0.7933333333333333,0.10792913656690746
class_NSAID,46,0.0,contrastive_full_expression,0.6555555555555556,0.03979309221244705
class_NSAID,46,0.0,contrastive_full_concat,0.7622222222222222,0.07522033203525312
class_NSAID,46,1.0,contrastive_full_structure,0.7222222222222221,0.06449456975772765
class_NSAID,46,1.0,contrastive_full_expression,0.6044444444444445,0.040445468509984636
class_NSAID,46,1.0,contrastive_full_concat,0.6955555555555556,0.05899862925923222
class_NSAID,46,2.0,contrastive_full_structure,0.7511111111111112,0.06757316757316757
class_NSAID,46,2.0,contrastive_full_expression,0.6688888888888889,0.045714285714285714
class_NSAID,46,2.0,contrastive_full_concat,0.7200000000000001,0.06043956043956045
class_NSAID,46,0.0,contrastive_classholdout_structure,0.611111111111111,0.060741341991341985
class_NSAID,46,0.0,contrastive_classholdout_expression,0.5088888888888888,0.02865406269296429
class_NSAID,46,0.0,contrastive_classholdout_concat,0.5133333333333333,0.04122073578595318
class_NSAID,46,1.0,contrastive_classholdout_structure,0.8266666666666667,0.38575498575498574
class_NSAID,46,1.0,contrastive_classholdout_expression,0.5333333333333333,0.028205128205128206
class_NSAID,46,1.0,contrastive_classholdout_concat,0.8088888888888889,0.3770247229326513
class_NSAID,46,2.0,contrastive_classholdout_structure,0.8666666666666667,0.12114695340501792
class_NSAID,46,2.0,contrastive_classholdout_expression,0.6044444444444445,0.0364944272722568
class_NSAID,46,2.0,contrastive_classholdout_concat,0.8488888888888889,0.08831908831908833
class_NSAID,46,0.0,contrastive_debiased_structure,0.9311111111111111,0.15595238095238095
class_NSAID,46,0.0,contrastive_debiased_expression,0.7666666666666666,0.057663283892792086
class_NSAID,46,0.0,contrastive_debiased_concat,0.8933333333333333,0.10842105263157895
class_NSAID,46,1.0,contrastive_debiased_structure,0.8200000000000001,0.09405111018014244
class_NSAID,46,1.0,contrastive_debiased_expression,0.7133333333333334,0.09773844641101277
class_NSAID,46,1.0,contrastive_debiased_concat,0.7688888888888888,0.090824534942182
class_NSAID,46,2.0,contrastive_debiased_structure,0.7266666666666666,0.05634920634920634
class_NSAID,46,2.0,contrastive_debiased_expression,0.6222222222222222,0.03724053724053724
class_NSAID,46,2.0,contrastive_debiased_concat,0.7022222222222222,0.04937320369351189
class_NSAID,46,,contrastive_randholdout0_concat,0.611111111111111,0.0356548620809014
class_NSAID,46,,contrastive_randholdout1_concat,0.8288888888888888,0.09594508301404853
class_NSAID,46,,contrastive_randholdout2_concat,0.7977777777777777,0.08204594969300852
class_NSAID,46,,raw_expression_RF,0.5244444444444444,0.02544942859773017
class_NSAID,46,,raw_ecfp4_RF,0.7866666666666666,0.14244663382594416
class_NSAID,46,,raw_concat_RF,0.6477777777777778,0.04886399004046063
class_NSAID,46,,neighbor_connectivity,0.5688888888888888,0.04166903476366392
class_NSAID,46,,random,0.6377777777777778,0.024177552007740688
class_NSAID,47,0.0,contrastive_full_structure,0.8266666666666667,0.12592968221771467
class_NSAID,47,0.0,contrastive_full_expression,0.6155555555555555,0.043859649122807015
class_NSAID,47,0.0,contrastive_full_concat,0.7733333333333333,0.1152306519252764
class_NSAID,47,1.0,contrastive_full_structure,0.8199999999999998,0.06669793621013134
class_NSAID,47,1.0,contrastive_full_expression,0.6577777777777778,0.06341732979664014
class_NSAID,47,1.0,contrastive_full_concat,0.7911111111111111,0.05884273331081842
class_NSAID,47,2.0,contrastive_full_structure,0.7688888888888888,0.05288461538461539
class_NSAID,47,2.0,contrastive_full_expression,0.5333333333333333,0.030762345679012343
class_NSAID,47,2.0,contrastive_full_concat,0.6711111111111112,0.040468409586056645
class_NSAID,47,0.0,contrastive_classholdout_structure,0.5666666666666667,0.12779162052417867
class_NSAID,47,0.0,contrastive_classholdout_expression,0.41333333333333333,0.028506216006216008
class_NSAID,47,0.0,contrastive_classholdout_concat,0.48666666666666664,0.034618367120859646
class_NSAID,47,1.0,contrastive_classholdout_structure,0.5755555555555555,0.06618423579109062
class_NSAID,47,1.0,contrastive_classholdout_expression,0.5666666666666667,0.03885135135135136
class_NSAID,47,1.0,contrastive_classholdout_concat,0.5155555555555555,0.05698871609817567
class_NSAID,47,2.0,contrastive_classholdout_structure,0.8911111111111111,0.1481191222570533
class_NSAID,47,2.0,contrastive_classholdout_expression,0.6466666666666667,0.06855830736427751
class_NSAID,47,2.0,contrastive_classholdout_concat,0.84,0.09212475633528265
class_NSAID,47,0.0,contrastive_debiased_structure,0.9355555555555556,0.33571428571428574
class_NSAID,47,0.0,contrastive_debiased_expression,0.76,0.06546651180797522
class_NSAID,47,0.0,contrastive_debiased_concat,0.9155555555555556,0.19791666666666666
class_NSAID,47,1.0,contrastive_debiased_structure,0.7222222222222222,0.04647606382978724
class_NSAID,47,1.0,contrastive_debiased_expression,0.7022222222222222,0.04825794360678081
class_NSAID,47,1.0,contrastive_debiased_concat,0.7111111111111111,0.046124927703875065
class_NSAID,47,2.0,contrastive_debiased_structure,0.7844444444444444,0.059851551956815116
class_NSAID,47,2.0,contrastive_debiased_expression,0.6799999999999999,0.04160952696205923
class_NSAID,47,2.0,contrastive_debiased_concat,0.7666666666666667,0.05444915254237288
class_NSAID,47,,contrastive_randholdout0_concat,0.7533333333333334,0.07430596965480686
class_NSAID,47,,contrastive_randholdout1_concat,0.8288888888888888,0.12246260683760683
class_NSAID,47,,contrastive_randholdout2_concat,0.8066666666666666,0.09248366013071896
class_NSAID,47,,raw_expression_RF,0.5999999999999999,0.09981952980197054
class_NSAID,47,,raw_ecfp4_RF,0.7999999999999999,0.3751956181533646
class_NSAID,47,,raw_concat_RF,0.4244444444444444,0.025417574437182282
class_NSAID,47,,neighbor_connectivity,0.6977777777777777,0.09665242165242165
class_NSAID,47,,random,0.6022222222222222,0.018893985728848116
class_NSAID,48,0.0,contrastive_full_structure,0.7177777777777778,0.37272727272727274
class_NSAID,48,0.0,contrastive_full_expression,0.6422222222222221,0.13952020202020202
class_NSAID,48,0.0,contrastive_full_concat,0.6822222222222222,0.368130081300813
class_NSAID,48,1.0,contrastive_full_structure,0.6266666666666667,0.13157894736842105
class_NSAID,48,1.0,contrastive_full_expression,0.6222222222222222,0.19583333333333333
class_NSAID,48,1.0,contrastive_full_concat,0.6088888888888888,0.18790569662979695
class_NSAID,48,2.0,contrastive_full_structure,0.52,0.1262315036707368
class_NSAID,48,2.0,contrastive_full_expression,0.5466666666666666,0.12931677338064748
class_NSAID,48,2.0,contrastive_full_concat,0.5244444444444445,0.18241687390623562
class_NSAID,48,0.0,contrastive_classholdout_structure,0.6266666666666667,0.03911111927009711
class_NSAID,48,0.0,contrastive_classholdout_expression,0.5711111111111111,0.04262371615312792
class_NSAID,48,0.0,contrastive_classholdout_concat,0.47555555555555556,0.028871775350648592
class_NSAID,48,1.0,contrastive_classholdout_structure,0.7822222222222223,0.11700622524052065
class_NSAID,48,1.0,contrastive_classholdout_expression,0.6333333333333333,0.08045495193382517
class_NSAID,48,1.0,contrastive_classholdout_concat,0.6666666666666666,0.13819875776397514
class_NSAID,48,2.0,contrastive_classholdout_structure,0.9155555555555556,0.13095238095238096
class_NSAID,48,2.0,contrastive_classholdout_expression,0.6311111111111111,0.07069084000323389
class_NSAID,48,2.0,contrastive_classholdout_concat,0.7244444444444444,0.17116509221772377
class_NSAID,48,0.0,contrastive_debiased_structure,0.7844444444444444,0.2109126984126984
class_NSAID,48,0.0,contrastive_debiased_expression,0.6555555555555554,0.14049050320322864
class_NSAID,48,0.0,contrastive_debiased_concat,0.7177777777777777,0.3675485008818342
class_NSAID,48,1.0,contrastive_debiased_structure,0.6333333333333333,0.18770799785292538
class_NSAID,48,1.0,contrastive_debiased_expression,0.5777777777777777,0.18537350910232267
class_NSAID,48,1.0,contrastive_debiased_concat,0.591111111111111,0.18524867724867725
class_NSAID,48,2.0,contrastive_debiased_structure,0.6111111111111112,0.18894416804864564
class_NSAID,48,2.0,contrastive_debiased_expression,0.6133333333333333,0.35884485884485884
class_NSAID,48,2.0,contrastive_debiased_concat,0.6177777777777778,0.19105995383367644
class_NSAID,48,,contrastive_randholdout0_concat,0.648888888888889,0.1409669211195929
class_NSAID,48,,contrastive_randholdout1_concat,0.6644444444444445,0.3686868686868687
class_NSAID,48,,contrastive_randholdout2_concat,0.7244444444444444,0.36868309683843664
class_NSAID,48,,raw_expression_RF,0.6799999999999999,0.05911531279178338
class_NSAID,48,,raw_ecfp4_RF,0.7222222222222222,0.04952686202686203
class_NSAID,48,,raw_concat_RF,0.7388888888888889,0.05853174603174603
class_NSAID,48,,neighbor_connectivity,0.6377777777777778,0.0775132275132275
class_NSAID,48,,random,0.3933333333333333,0.036429672022892365
class_NSAID,49,0.0,contrastive_full_structure,0.7511111111111111,0.06904761904761905
class_NSAID,49,0.0,contrastive_full_expression,0.5711111111111111,0.03123123123123123
class_NSAID,49,0.0,contrastive_full_concat,0.6955555555555555,0.05254449602432963
class_NSAID,49,1.0,contrastive_full_structure,0.6955555555555556,0.052848960890198
class_NSAID,49,1.0,contrastive_full_expression,0.56,0.0358420920920921
class_NSAID,49,1.0,contrastive_full_concat,0.6399999999999999,0.04684928597972075
class_NSAID,49,2.0,contrastive_full_structure,0.74,0.0837789661319073
class_NSAID,49,2.0,contrastive_full_expression,0.6022222222222222,0.03449074074074074
class_NSAID,49,2.0,contrastive_full_concat,0.6844444444444445,0.04707602339181286
class_NSAID,49,0.0,contrastive_classholdout_structure,0.5777777777777777,0.05922260470453242
class_NSAID,49,0.0,contrastive_classholdout_expression,0.4577777777777778,0.025062990543237924
class_NSAID,49,0.0,contrastive_classholdout_concat,0.4644444444444444,0.03644497863247863
class_NSAID,49,1.0,contrastive_classholdout_structure,0.8511111111111112,0.4015645371577575
class_NSAID,49,1.0,contrastive_classholdout_expression,0.4799999999999999,0.025226273733288396
class_NSAID,49,1.0,contrastive_classholdout_concat,0.8044444444444445,0.37660455486542443
class_NSAID,49,2.0,contrastive_classholdout_structure,0.9044444444444444,0.15666666666666668
class_NSAID,49,2.0,contrastive_classholdout_expression,0.5511111111111111,0.030928127021604523
class_NSAID,49,2.0,contrastive_classholdout_concat,0.8333333333333334,0.1280246913580247
class_NSAID,49,0.0,contrastive_debiased_structure,0.9133333333333333,0.1402116402116402
class_NSAID,49,0.0,contrastive_debiased_expression,0.7,0.04599828512871991
class_NSAID,49,0.0,contrastive_debiased_concat,0.86,0.09209656084656084
class_NSAID,49,1.0,contrastive_debiased_structure,0.78,0.07020676691729323
class_NSAID,49,1.0,contrastive_debiased_expression,0.6844444444444444,0.07841880341880342
class_NSAID,49,1.0,contrastive_debiased_concat,0.7333333333333333,0.06817950673785914
class_NSAID,49,2.0,contrastive_debiased_structure,0.6755555555555555,0.04274052820564449
class_NSAID,49,2.0,contrastive_debiased_expression,0.5577777777777778,0.02997076023391813
class_NSAID,49,2.0,contrastive_debiased_concat,0.6444444444444444,0.03816738816738817
class_NSAID,49,,contrastive_randholdout0_concat,0.5555555555555555,0.029867619919496637
class_NSAID,49,,contrastive_randholdout1_concat,0.7866666666666666,0.07209293973999856
class_NSAID,49,,contrastive_randholdout2_concat,0.7333333333333334,0.052046783625730994
class_NSAID,49,,raw_expression_RF,0.5011111111111111,0.021895424836601306
class_NSAID,49,,raw_ecfp4_RF,0.7888888888888889,0.22753623188405797
class_NSAID,49,,raw_concat_RF,0.5655555555555555,0.06316400434047494
class_NSAID,49,,neighbor_connectivity,0.5066666666666666,0.030483556298773692
class_NSAID,49,,random,0.43999999999999995,0.06055681770373175
class_NSAID,50,0.0,contrastive_full_structure,0.9022222222222223,0.1813186813186813
class_NSAID,50,0.0,contrastive_full_expression,0.6733333333333333,0.06462455606291223
class_NSAID,50,0.0,contrastive_full_concat,0.84,0.11221221221221221
class_NSAID,50,1.0,contrastive_full_structure,0.8466666666666667,0.08907919777484995
class_NSAID,50,1.0,contrastive_full_expression,0.6555555555555556,0.05521765056648777
class_NSAID,50,1.0,contrastive_full_concat,0.8044444444444444,0.0762157382847038
class_NSAID,50,2.0,contrastive_full_structure,0.8222222222222223,0.0696969696969697
class_NSAID,50,2.0,contrastive_full_expression,0.6533333333333333,0.04613582249542293
class_NSAID,50,2.0,contrastive_full_concat,0.7733333333333333,0.061447811447811446
class_NSAID,50,0.0,contrastive_classholdout_structure,0.8911111111111111,0.1346153846153846
class_NSAID,50,0.0,contrastive_classholdout_expression,0.5022222222222221,0.027083333333333334
class_NSAID,50,0.0,contrastive_classholdout_concat,0.5177777777777778,0.02855703643105218
class_NSAID,50,1.0,contrastive_classholdout_structure,0.9866666666666666,0.6428571428571429
class_NSAID,50,1.0,contrastive_classholdout_expression,0.5333333333333333,0.03571428571428571
class_NSAID,50,1.0,contrastive_classholdout_concat,0.8555555555555556,0.2272012578616352
class_NSAID,50,2.0,contrastive_classholdout_structure,0.9866666666666666,0.5
class_NSAID,50,2.0,contrastive_classholdout_expression,0.5666666666666667,0.03169345274608432
class_NSAID,50,2.0,contrastive_classholdout_concat,0.9288888888888889,0.2567049808429119
class_NSAID,50,0.0,contrastive_debiased_structure,0.8999999999999999,0.20277777777777775
class_NSAID,50,0.0,contrastive_debiased_expression,0.7577777777777778,0.08954998489882211
class_NSAID,50,0.0,contrastive_debiased_concat,0.8866666666666667,0.1995169082125604
class_NSAID,50,1.0,contrastive_debiased_structure,0.8644444444444443,0.1787301587301587
class_NSAID,50,1.0,contrastive_debiased_expression,0.7288888888888888,0.09488536155202822
class_NSAID,50,1.0,contrastive_debiased_concat,0.8533333333333333,0.17407407407407405
class_NSAID,50,2.0,contrastive_debiased_structure,0.8088888888888889,0.11687323331158947
class_NSAID,50,2.0,contrastive_debiased_expression,0.6511111111111111,0.0463874012261109
class_NSAID,50,2.0,contrastive_debiased_concat,0.7577777777777778,0.0772408963585434
class_NSAID,50,,contrastive_randholdout0_concat,0.7644444444444445,0.0809915611814346
class_NSAID,50,,contrastive_randholdout1_concat,0.8533333333333333,0.14849624060150374
class_NSAID,50,,contrastive_randholdout2_concat,0.8822222222222221,0.13997113997113997
class_NSAID,50,,raw_expression_RF,0.44,0.01973856209150327
class_NSAID,50,,raw_ecfp4_RF,0.991111111111111,0.7222222222222223
class_NSAID,50,,raw_concat_RF,0.6311111111111111,0.03244789739795289
class_NSAID,50,,neighbor_connectivity,0.542222222222222,0.03633649455567264
class_NSAID,50,,random,0.3022222222222223,0.07954612437371057
class_NSAID,51,0.0,contrastive_full_structure,0.8244444444444444,0.08303853009735362
class_NSAID,51,0.0,contrastive_full_expression,0.6222222222222222,0.039107699154428126
class_NSAID,51,0.0,contrastive_full_concat,0.7644444444444444,0.06612836438923395
class_NSAID,51,1.0,contrastive_full_structure,0.7466666666666666,0.11190476190476191
class_NSAID,51,1.0,contrastive_full_expression,0.6177777777777778,0.05331456642932053
class_NSAID,51,1.0,contrastive_full_concat,0.7244444444444444,0.07003968253968254
class_NSAID,51,2.0,contrastive_full_structure,0.66,0.04021633810757007
class_NSAID,51,2.0,contrastive_full_expression,0.5622222222222222,0.029428741193447072
class_NSAID,51,2.0,contrastive_full_concat,0.6355555555555555,0.03511363636363636
class_NSAID,51,0.0,contrastive_classholdout_structure,0.6533333333333333,0.07891426464528162
class_NSAID,51,0.0,contrastive_classholdout_expression,0.4933333333333333,0.025375780671112524
class_NSAID,51,0.0,contrastive_classholdout_concat,0.5666666666666667,0.029059278350515465
class_NSAID,51,1.0,contrastive_classholdout_structure,0.8333333333333333,0.12858220211161386
class_NSAID,51,1.0,contrastive_classholdout_expression,0.5466666666666666,0.028380096421333535
class_NSAID,51,1.0,contrastive_classholdout_concat,0.8600000000000001,0.11897435897435897
class_NSAID,51,2.0,contrastive_classholdout_structure,0.9133333333333333,0.4084210526315789
class_NSAID,51,2.0,contrastive_classholdout_expression,0.5733333333333333,0.031043339631554086
class_NSAID,51,2.0,contrastive_classholdout_concat,0.8711111111111111,0.09957604663487017
class_NSAID,51,0.0,contrastive_debiased_structure,0.9111111111111111,0.4068825910931174
class_NSAID,51,0.0,contrastive_debiased_expression,0.7066666666666667,0.04185862534319885
class_NSAID,51,0.0,contrastive_debiased_concat,0.8711111111111112,0.09538239538239537
class_NSAID,51,1.0,contrastive_debiased_structure,0.691111111111111,0.040363969625556426
class_NSAID,51,1.0,contrastive_debiased_expression,0.6533333333333333,0.03583453583453584
class_NSAID,51,1.0,contrastive_debiased_concat,0.7044444444444444,0.04221656611362494
class_NSAID,51,2.0,contrastive_debiased_structure,0.7,0.0570021111893033
class_NSAID,51,2.0,contrastive_debiased_expression,0.528888888888889,0.026981542854558727
class_NSAID,51,2.0,contrastive_debiased_concat,0.6711111111111111,0.04454365079365079
class_NSAID,51,,contrastive_randholdout0_concat,0.66,0.03834621865397958
class_NSAID,51,,contrastive_randholdout1_concat,0.8355555555555556,0.07350427350427349
class_NSAID,51,,contrastive_randholdout2_concat,0.811111111111111,0.06601851851851852
class_NSAID,51,,raw_expression_RF,0.2633333333333333,0.0196078431372549
class_NSAID,51,,raw_ecfp4_RF,0.9066666666666666,0.6888888888888889
class_NSAID,51,,raw_concat_RF,0.21000000000000002,0.0196078431372549
class_NSAID,51,,neighbor_connectivity,0.7511111111111112,0.06315789473684211
class_NSAID,51,,random,0.3866666666666666,0.18818665760561784
class_BetaBlocker,42,0.0,contrastive_full_structure,0.9033333333333333,0.1607142857142857
class_BetaBlocker,42,0.0,contrastive_full_expression,0.7433333333333334,0.17965367965367965
class_BetaBlocker,42,0.0,contrastive_full_concat,0.8733333333333333,0.19298245614035087
class_BetaBlocker,42,1.0,contrastive_full_structure,0.7133333333333334,0.5113636363636364
class_BetaBlocker,42,1.0,contrastive_full_expression,0.5966666666666667,0.2581967213114754
class_BetaBlocker,42,1.0,contrastive_full_concat,0.69,0.5105263157894737
class_BetaBlocker,42,2.0,contrastive_full_structure,0.7733333333333333,0.2644927536231884
class_BetaBlocker,42,2.0,contrastive_full_expression,0.6399999999999999,0.2591743119266055
class_BetaBlocker,42,2.0,contrastive_full_concat,0.7433333333333333,0.26282051282051283
class_BetaBlocker,42,0.0,contrastive_classholdout_structure,0.9966666666666666,0.8333333333333333
class_BetaBlocker,42,0.0,contrastive_classholdout_expression,0.6133333333333333,0.17528735632183906
class_BetaBlocker,42,0.0,contrastive_classholdout_concat,1.0,1.0
class_BetaBlocker,42,1.0,contrastive_classholdout_structure,0.9933333333333334,0.75
class_BetaBlocker,42,1.0,contrastive_classholdout_expression,0.5700000000000001,0.09126984126984126
class_BetaBlocker,42,1.0,contrastive_classholdout_concat,0.9633333333333333,0.5769230769230769
class_BetaBlocker,42,2.0,contrastive_classholdout_structure,0.98,0.625
class_BetaBlocker,42,2.0,contrastive_classholdout_expression,0.6066666666666667,0.13354700854700854
class_BetaBlocker,42,2.0,contrastive_classholdout_concat,0.9733333333333333,0.6
class_BetaBlocker,42,0.0,contrastive_debiased_structure,0.6533333333333333,0.25952380952380955
class_BetaBlocker,42,0.0,contrastive_debiased_expression,0.61,0.2584745762711864
class_BetaBlocker,42,0.0,contrastive_debiased_concat,0.6433333333333333,0.25925925925925924
class_BetaBlocker,42,1.0,contrastive_debiased_structure,0.7866666666666667,0.2653846153846154
class_BetaBlocker,42,1.0,contrastive_debiased_expression,0.7266666666666666,0.2620481927710843
class_BetaBlocker,42,1.0,contrastive_debiased_concat,0.78,0.26492537313432835
class_BetaBlocker,42,2.0,contrastive_debiased_structure,0.9133333333333333,0.5357142857142857
class_BetaBlocker,42,2.0,contrastive_debiased_expression,0.6966666666666667,0.2608695652173913
class_BetaBlocker,42,2.0,contrastive_debiased_concat,0.83,0.5188679245283019
class_BetaBlocker,42,,contrastive_randholdout0_concat,0.77,0.2642857142857143
class_BetaBlocker,42,,contrastive_randholdout1_concat,0.78,0.5147058823529411
class_BetaBlocker,42,,contrastive_randholdout2_concat,0.7833333333333333,0.5149253731343284
class_BetaBlocker,42,,raw_expression_RF,0.6066666666666667,0.03435672514619883
class_BetaBlocker,42,,raw_ecfp4_RF,0.9966666666666666,0.8333333333333333
class_BetaBlocker,42,,raw_concat_RF,0.865,0.18421052631578946
class_BetaBlocker,42,,neighbor_connectivity,0.44666666666666666,0.018999646518204315
class_BetaBlocker,42,,random,0.7066666666666667,0.01324786324786325
class_BetaBlocker,43,0.0,contrastive_full_structure,0.9733333333333334,0.3611111111111111
class_BetaBlocker,43,0.0,contrastive_full_expression,0.8833333333333333,0.07703081232492998
class_BetaBlocker,43,0.0,contrastive_full_concat,0.9733333333333333,0.6
class_BetaBlocker,43,1.0,contrastive_full_structure,0.9133333333333333,0.10096153846153846
class_BetaBlocker,43,1.0,contrastive_full_expression,0.7633333333333333,0.03954175905395418
class_BetaBlocker,43,1.0,contrastive_full_concat,0.9,0.0900735294117647
class_BetaBlocker,43,2.0,contrastive_full_structure,0.92,0.10989010989010989
class_BetaBlocker,43,2.0,contrastive_full_expression,0.7233333333333333,0.034019439679817035
class_BetaBlocker,43,2.0,contrastive_full_concat,0.9,0.0900735294117647
class_BetaBlocker,43,0.0,contrastive_classholdout_structure,1.0,1.0
class_BetaBlocker,43,0.0,contrastive_classholdout_expression,0.6299999999999999,0.025676937441643323
class_BetaBlocker,43,0.0,contrastive_classholdout_concat,0.9966666666666666,0.8333333333333333
class_BetaBlocker,43,1.0,contrastive_classholdout_structure,0.97,0.5909090909090909
class_BetaBlocker,43,1.0,contrastive_classholdout_expression,0.5933333333333333,0.02332285115303983
class_BetaBlocker,43,1.0,contrastive_classholdout_concat,0.9566666666666667,0.5666666666666667
class_BetaBlocker,43,2.0,contrastive_classholdout_structure,0.99,0.7
class_BetaBlocker,43,2.0,contrastive_classholdout_expression,0.6833333333333333,0.03214285714285714
class_BetaBlocker,43,2.0,contrastive_classholdout_concat,0.99,0.7
class_BetaBlocker,43,0.0,contrastive_debiased_structure,0.86,0.065
class_BetaBlocker,43,0.0,contrastive_debiased_expression,0.7733333333333332,0.04112903225806452
class_BetaBlocker,43,0.0,contrastive_debiased_concat,0.8466666666666667,0.06020066889632107
class_BetaBlocker,43,1.0,contrastive_debiased_structure,0.9733333333333333,0.29166666666666663
class_BetaBlocker,43,1.0,contrastive_debiased_expression,0.9,0.0900735294117647
class_BetaBlocker,43,1.0,contrastive_debiased_concat,0.9733333333333333,0.29166666666666663
class_BetaBlocker,43,2.0,contrastive_debiased_structure,0.9933333333333334,0.75
class_BetaBlocker,43,2.0,contrastive_debiased_expression,0.8966666666666667,0.09555555555555556
class_BetaBlocker,43,2.0,contrastive_debiased_concat,0.9800000000000001,0.3333333333333333
class_BetaBlocker,43,,contrastive_randholdout0_concat,0.8733333333333333,0.07125000000000001
class_BetaBlocker,43,,contrastive_randholdout1_concat,0.9066666666666666,0.11309523809523808
class_BetaBlocker,43,,contrastive_randholdout2_concat,0.8433333333333333,0.0710955710955711
class_BetaBlocker,43,,raw_expression_RF,0.33999999999999997,0.013157894736842105
class_BetaBlocker,43,,raw_ecfp4_RF,1.0,1.0
class_BetaBlocker,43,,raw_concat_RF,0.5833333333333335,0.018483709273182956
class_BetaBlocker,43,,neighbor_connectivity,0.51,0.0195480631276901
class_BetaBlocker,43,,random,0.36333333333333334,0.02293175334649989
class_BetaBlocker,44,0.0,contrastive_full_structure,0.7566666666666666,0.1388888888888889
class_BetaBlocker,44,0.0,contrastive_full_expression,0.66,0.07280927835051547
class_BetaBlocker,44,0.0,contrastive_full_concat,0.7266666666666667,0.09599156118143459
class_BetaBlocker,44,1.0,contrastive_full_structure,0.7366666666666667,0.17932489451476794
class_BetaBlocker,44,1.0,contrastive_full_expression,0.6066666666666667,0.06448412698412698
class_BetaBlocker,44,1.0,contrastive_full_concat,0.69,0.17741935483870966
class_BetaBlocker,44,2.0,contrastive_full_structure,0.7166666666666667,0.0837742504409171
class_BetaBlocker,44,2.0,contrastive_full_expression,0.6333333333333333,0.06517094017094016
class_BetaBlocker,44,2.0,contrastive_full_concat,0.7,0.13623595505617977
class_BetaBlocker,44,0.0,contrastive_classholdout_structure,0.93,0.13025210084033612
class_BetaBlocker,44,0.0,contrastive_classholdout_expression,0.5566666666666666,0.02900900900900901
class_BetaBlocker,44,0.0,contrastive_classholdout_concat,0.9333333333333333,0.12878787878787878
class_BetaBlocker,44,1.0,contrastive_classholdout_structure,0.9533333333333333,0.17424242424242425
class_BetaBlocker,44,1.0,contrastive_classholdout_expression,0.5266666666666666,0.02993585174625802
class_BetaBlocker,44,1.0,contrastive_classholdout_concat,0.9033333333333333,0.2833333333333333
class_BetaBlocker,44,2.0,contrastive_classholdout_structure,0.99,0.5
class_BetaBlocker,44,2.0,contrastive_classholdout_expression,0.58,0.03117309269893355
class_BetaBlocker,44,2.0,contrastive_classholdout_concat,0.9666666666666667,0.5833333333333334
class_BetaBlocker,44,0.0,contrastive_debiased_structure,0.6533333333333333,0.09323432343234322
class_BetaBlocker,44,0.0,contrastive_debiased_expression,0.5933333333333333,0.04472329472329472
class_BetaBlocker,44,0.0,contrastive_debiased_concat,0.6333333333333333,0.0926791277258567
class_BetaBlocker,44,1.0,contrastive_debiased_structure,0.7566666666666667,0.11408450704225352
class_BetaBlocker,44,1.0,contrastive_debiased_expression,0.7266666666666667,0.07548701298701299
class_BetaBlocker,44,1.0,contrastive_debiased_concat,0.7566666666666667,0.11408450704225352
class_BetaBlocker,44,2.0,contrastive_debiased_structure,0.8333333333333333,0.14540816326530612
class_BetaBlocker,44,2.0,contrastive_debiased_expression,0.6833333333333333,0.09420289855072464
class_BetaBlocker,44,2.0,contrastive_debiased_concat,0.7833333333333333,0.140625
class_BetaBlocker,44,,contrastive_randholdout0_concat,0.7966666666666666,0.11694915254237288
class_BetaBlocker,44,,contrastive_randholdout1_concat,0.7533333333333333,0.1138888888888889
class_BetaBlocker,44,,contrastive_randholdout2_concat,0.71,0.11176470588235295
class_BetaBlocker,44,,raw_expression_RF,0.33999999999999997,0.013157894736842105
class_BetaBlocker,44,,raw_ecfp4_RF,0.9966666666666666,0.8333333333333333
class_BetaBlocker,44,,raw_concat_RF,0.97,0.2857142857142857
class_BetaBlocker,44,,neighbor_connectivity,0.5566666666666666,0.021530054644808744
class_BetaBlocker,44,,random,0.46,0.05844155844155844
class_BetaBlocker,45,0.0,contrastive_full_structure,0.9466666666666667,0.3088235294117647
class_BetaBlocker,45,0.0,contrastive_full_expression,0.9600000000000001,0.19444444444444442
class_BetaBlocker,45,0.0,contrastive_full_concat,0.9566666666666667,0.3214285714285714
class_BetaBlocker,45,1.0,contrastive_full_structure,0.97,0.5909090909090909
class_BetaBlocker,45,1.0,contrastive_full_expression,0.9600000000000001,0.5714285714285714
class_BetaBlocker,45,1.0,contrastive_full_concat,0.9866666666666667,0.6666666666666666
class_BetaBlocker,45,2.0,contrastive_full_structure,0.9633333333333333,0.25757575757575757
class_BetaBlocker,45,2.0,contrastive_full_expression,0.9299999999999999,0.5434782608695652
class_BetaBlocker,45,2.0,contrastive_full_concat,0.9700000000000001,0.2777777777777778
class_BetaBlocker,45,0.0,contrastive_classholdout_structure,0.9933333333333334,0.75
class_BetaBlocker,45,0.0,contrastive_classholdout_expression,0.8633333333333333,0.15
class_BetaBlocker,45,0.0,contrastive_classholdout_concat,0.9966666666666666,0.8333333333333333
class_BetaBlocker,45,1.0,contrastive_classholdout_structure,0.9466666666666667,0.5555555555555556
class_BetaBlocker,45,1.0,contrastive_classholdout_expression,0.8266666666666667,0.07729468599033816
class_BetaBlocker,45,1.0,contrastive_classholdout_concat,1.0,1.0
class_BetaBlocker,45,2.0,contrastive_classholdout_structure,0.9833333333333334,0.6428571428571428
class_BetaBlocker,45,2.0,contrastive_classholdout_expression,0.8266666666666668,0.1858974358974359
class_BetaBlocker,45,2.0,contrastive_classholdout_concat,1.0,1.0
class_BetaBlocker,45,0.0,contrastive_debiased_structure,0.9633333333333333,0.5769230769230769
class_BetaBlocker,45,0.0,contrastive_debiased_expression,0.9233333333333333,0.54
class_BetaBlocker,45,0.0,contrastive_debiased_concat,0.9666666666666667,0.5833333333333334
class_BetaBlocker,45,1.0,contrastive_debiased_structure,0.9833333333333334,0.6428571428571428
class_BetaBlocker,45,1.0,contrastive_debiased_expression,0.9633333333333333,0.5769230769230769
class_BetaBlocker,45,1.0,contrastive_debiased_concat,0.99,0.7
class_BetaBlocker,45,2.0,contrastive_debiased_structure,0.9966666666666666,0.8333333333333333
class_BetaBlocker,45,2.0,contrastive_debiased_expression,0.9433333333333334,0.5526315789473684
class_BetaBlocker,45,2.0,contrastive_debiased_concat,0.9933333333333334,0.75
class_BetaBlocker,45,,contrastive_randholdout0_concat,0.9600000000000001,0.5714285714285714
class_BetaBlocker,45,,contrastive_randholdout1_concat,0.9733333333333333,0.6
class_BetaBlocker,45,,contrastive_randholdout2_concat,0.98,0.325
class_BetaBlocker,45,,raw_expression_RF,0.615,0.039912280701754385
class_BetaBlocker,45,,raw_ecfp4_RF,0.9966666666666666,0.8333333333333333
class_BetaBlocker,45,,raw_concat_RF,0.8816666666666666,0.5192307692307693
class_BetaBlocker,45,,neighbor_connectivity,0.74,0.05316742081447964
class_BetaBlocker,45,,random,0.7866666666666666,0.03263358778625954
class_BetaBlocker,46,0.0,contrastive_full_structure,0.8766666666666667,0.07993730407523511
class_BetaBlocker,46,0.0,contrastive_full_expression,0.9500000000000001,0.19642857142857142
class_BetaBlocker,46,0.0,contrastive_full_concat,0.9133333333333333,0.11011904761904762
class_BetaBlocker,46,1.0,contrastive_full_structure,0.9133333333333333,0.5357142857142857
class_BetaBlocker,46,1.0,contrastive_full_expression,0.98,0.625
class_BetaBlocker,46,1.0,contrastive_full_concat,0.9433333333333334,0.5526315789473684
class_BetaBlocker,46,2.0,contrastive_full_structure,0.9333333333333333,0.17763157894736842
class_BetaBlocker,46,2.0,contrastive_full_expression,0.9800000000000001,0.3333333333333333
class_BetaBlocker,46,2.0,contrastive_full_concat,0.9533333333333334,0.31666666666666665
class_BetaBlocker,46,0.0,contrastive_classholdout_structure,0.92,0.16847826086956522
class_BetaBlocker,46,0.0,contrastive_classholdout_expression,0.8966666666666667,0.10846560846560846
class_BetaBlocker,46,0.0,contrastive_classholdout_concat,0.7833333333333332,0.26515151515151514
class_BetaBlocker,46,1.0,contrastive_classholdout_structure,0.8966666666666666,0.08680555555555555
class_BetaBlocker,46,1.0,contrastive_classholdout_expression,0.8633333333333333,0.0707196029776675
class_BetaBlocker,46,1.0,contrastive_classholdout_concat,0.8366666666666667,0.5196078431372549
class_BetaBlocker,46,2.0,contrastive_classholdout_structure,0.96,0.2
class_BetaBlocker,46,2.0,contrastive_classholdout_expression,0.8933333333333333,0.09401709401709402
class_BetaBlocker,46,2.0,contrastive_classholdout_concat,0.9099999999999999,0.16346153846153846
class_BetaBlocker,46,0.0,contrastive_debiased_structure,0.9533333333333333,0.5625
class_BetaBlocker,46,0.0,contrastive_debiased_expression,0.9833333333333334,0.6428571428571428
class_BetaBlocker,46,0.0,contrastive_debiased_concat,0.96,0.3269230769230769
class_BetaBlocker,46,1.0,contrastive_debiased_structure,0.9766666666666667,0.6111111111111112
class_BetaBlocker,46,1.0,contrastive_debiased_expression,0.99,0.5
class_BetaBlocker,46,1.0,contrastive_debiased_concat,0.9833333333333334,0.6428571428571428
class_BetaBlocker,46,2.0,contrastive_debiased_structure,0.9833333333333334,0.41666666666666663
class_BetaBlocker,46,2.0,contrastive_debiased_expression,0.9833333333333334,0.41666666666666663
class_BetaBlocker,46,2.0,contrastive_debiased_concat,0.98,0.39285714285714285
class_BetaBlocker,46,,contrastive_randholdout0_concat,0.9833333333333334,0.41666666666666663
class_BetaBlocker,46,,contrastive_randholdout1_concat,0.9700000000000001,0.2777777777777778
class_BetaBlocker,46,,contrastive_randholdout2_concat,0.9366666666666668,0.21929824561403508
class_BetaBlocker,46,,raw_expression_RF,0.4983333333333333,0.01464346349745331
class_BetaBlocker,46,,raw_ecfp4_RF,0.9633333333333333,0.5769230769230769
class_BetaBlocker,46,,raw_concat_RF,0.8983333333333333,0.2717391304347826
class_BetaBlocker,46,,neighbor_connectivity,0.78,0.042328042328042326
class_BetaBlocker,46,,random,0.7733333333333334,0.02152014652014652
class_BetaBlocker,47,0.0,contrastive_full_structure,0.9666666666666667,0.5833333333333334
class_BetaBlocker,47,0.0,contrastive_full_expression,0.9733333333333334,0.26666666666666666
class_BetaBlocker,47,0.0,contrastive_full_concat,0.97,0.5909090909090909
class_BetaBlocker,47,1.0,contrastive_full_structure,0.9866666666666667,0.6666666666666666
class_BetaBlocker,47,1.0,contrastive_full_expression,0.98,0.625
class_BetaBlocker,47,1.0,contrastive_full_concat,0.99,0.7
class_BetaBlocker,47,2.0,contrastive_full_structure,0.98,0.39285714285714285
class_BetaBlocker,47,2.0,contrastive_full_expression,0.9500000000000001,0.5588235294117647
class_BetaBlocker,47,2.0,contrastive_full_concat,0.9866666666666667,0.6666666666666666
class_BetaBlocker,47,0.0,contrastive_classholdout_structure,0.99,0.7
class_BetaBlocker,47,0.0,contrastive_classholdout_expression,0.8933333333333333,0.5294117647058824
class_BetaBlocker,47,0.0,contrastive_classholdout_concat,0.9966666666666666,0.8333333333333333
class_BetaBlocker,47,1.0,contrastive_classholdout_structure,0.9866666666666667,0.6666666666666666
class_BetaBlocker,47,1.0,contrastive_classholdout_expression,0.8833333333333333,0.2777777777777778
class_BetaBlocker,47,1.0,contrastive_classholdout_concat,1.0,1.0
class_BetaBlocker,47,2.0,contrastive_classholdout_structure,0.9966666666666666,0.8333333333333333
class_BetaBlocker,47,2.0,contrastive_classholdout_expression,0.8833333333333333,0.527027027027027
class_BetaBlocker,47,2.0,contrastive_classholdout_concat,1.0,1.0
class_BetaBlocker,47,0.0,contrastive_debiased_structure,0.98,0.625
class_BetaBlocker,47,0.0,contrastive_debiased_expression,0.9500000000000001,0.5588235294117647
class_BetaBlocker,47,0.0,contrastive_debiased_concat,0.9766666666666667,0.6111111111111112
class_BetaBlocker,47,1.0,contrastive_debiased_structure,0.9866666666666667,0.6666666666666666
class_BetaBlocker,47,1.0,contrastive_debiased_expression,0.9766666666666667,0.6111111111111112
class_BetaBlocker,47,1.0,contrastive_debiased_concat,0.9933333333333334,0.75
class_BetaBlocker,47,2.0,contrastive_debiased_structure,0.99,0.7
class_BetaBlocker,47,2.0,contrastive_debiased_expression,0.9666666666666667,0.5833333333333334
class_BetaBlocker,47,2.0,contrastive_debiased_concat,0.9866666666666667,0.6666666666666666
class_BetaBlocker,47,,contrastive_randholdout0_concat,0.99,0.7
class_BetaBlocker,47,,contrastive_randholdout1_concat,0.99,0.7
class_BetaBlocker,47,,contrastive_randholdout2_concat,1.0,1.0
class_BetaBlocker,47,,raw_expression_RF,0.6483333333333333,0.10657894736842105
class_BetaBlocker,47,,raw_ecfp4_RF,1.0,1.0
class_BetaBlocker,47,,raw_concat_RF,0.9633333333333334,0.5588235294117647
class_BetaBlocker,47,,neighbor_connectivity,0.7733333333333333,0.06212121212121212
class_BetaBlocker,47,,random,0.54,0.020759890325107718
class_BetaBlocker,48,0.0,contrastive_full_structure,0.9866666666666667,0.41666666666666663
class_BetaBlocker,48,0.0,contrastive_full_expression,0.97,0.24285714285714285
class_BetaBlocker,48,0.0,contrastive_full_concat,0.9833333333333333,0.3666666666666667
class_BetaBlocker,48,1.0,contrastive_full_structure,0.9733333333333333,0.29166666666666663
class_BetaBlocker,48,1.0,contrastive_full_expression,0.9733333333333334,0.26666666666666666
class_BetaBlocker,48,1.0,contrastive_full_concat,0.98,0.325
class_BetaBlocker,48,2.0,contrastive_full_structure,0.96,0.2159090909090909
class_BetaBlocker,48,2.0,contrastive_full_expression,0.91,0.09808612440191387
class_BetaBlocker,48,2.0,contrastive_full_concat,0.9666666666666667,0.26666666666666666
class_BetaBlocker,48,0.0,contrastive_classholdout_structure,1.0,1.0
class_BetaBlocker,48,0.0,contrastive_classholdout_expression,0.8466666666666667,0.06003584229390681
class_BetaBlocker,48,0.0,contrastive_classholdout_concat,1.0,1.0
class_BetaBlocker,48,1.0,contrastive_classholdout_structure,0.9966666666666666,0.8333333333333333
class_BetaBlocker,48,1.0,contrastive_classholdout_expression,0.8433333333333334,0.059027777777777776
class_BetaBlocker,48,1.0,contrastive_classholdout_concat,0.9966666666666666,0.8333333333333333
class_BetaBlocker,48,2.0,contrastive_classholdout_structure,0.9933333333333333,0.5833333333333333
class_BetaBlocker,48,2.0,contrastive_classholdout_expression,0.86,0.06481481481481481
class_BetaBlocker,48,2.0,contrastive_classholdout_concat,0.9966666666666666,0.8333333333333333
class_BetaBlocker,48,0.0,contrastive_debiased_structure,0.9733333333333334,0.26666666666666666
class_BetaBlocker,48,0.0,contrastive_debiased_expression,0.9433333333333334,0.14835164835164835
class_BetaBlocker,48,0.0,contrastive_debiased_concat,0.9733333333333334,0.26666666666666666
class_BetaBlocker,48,1.0,contrastive_debiased_structure,0.97,0.5909090909090909
class_BetaBlocker,48,1.0,contrastive_debiased_expression,0.9566666666666667,0.5666666666666667
class_BetaBlocker,48,1.0,contrastive_debiased_concat,0.9766666666666667,0.6111111111111112
class_BetaBlocker,48,2.0,contrastive_debiased_structure,0.9933333333333334,0.75
class_BetaBlocker,48,2.0,contrastive_debiased_expression,0.98,0.625
class_BetaBlocker,48,2.0,contrastive_debiased_concat,0.9933333333333334,0.75
class_BetaBlocker,48,,contrastive_randholdout0_concat,0.9566666666666667,0.3214285714285714
class_BetaBlocker,48,,contrastive_randholdout1_concat,0.9766666666666667,0.375
class_BetaBlocker,48,,contrastive_randholdout2_concat,0.9966666666666666,0.8333333333333333
class_BetaBlocker,48,,raw_expression_RF,0.66,0.08991228070175439
class_BetaBlocker,48,,raw_ecfp4_RF,1.0,1.0
class_BetaBlocker,48,,raw_concat_RF,0.8733333333333334,0.14386792452830188
class_BetaBlocker,48,,neighbor_connectivity,0.7633333333333333,0.2638888888888889
class_BetaBlocker,48,,random,0.44666666666666666,0.022380595148787197
class_BetaBlocker,49,0.0,contrastive_full_structure,0.9833333333333334,0.6428571428571428
class_BetaBlocker,49,0.0,contrastive_full_expression,0.9666666666666667,0.2361111111111111
class_BetaBlocker,49,0.0,contrastive_full_concat,0.9866666666666667,0.6666666666666666
class_BetaBlocker,49,1.0,contrastive_full_structure,0.97,0.35
class_BetaBlocker,49,1.0,contrastive_full_expression,0.9566666666666667,0.3214285714285714
class_BetaBlocker,49,1.0,contrastive_full_concat,0.9766666666666667,0.375
class_BetaBlocker,49,2.0,contrastive_full_structure,0.88,0.0748663101604278
class_BetaBlocker,49,2.0,contrastive_full_expression,0.8666666666666667,0.12631578947368421
class_BetaBlocker,49,2.0,contrastive_full_concat,0.9133333333333333,0.10263157894736842
class_BetaBlocker,49,0.0,contrastive_classholdout_structure,0.9600000000000001,0.5714285714285714
class_BetaBlocker,49,0.0,contrastive_classholdout_expression,0.8500000000000001,0.060798548094373864
class_BetaBlocker,49,0.0,contrastive_classholdout_concat,0.9533333333333333,0.5625
class_BetaBlocker,49,1.0,contrastive_classholdout_structure,0.9566666666666667,0.5666666666666667
class_BetaBlocker,49,1.0,contrastive_classholdout_expression,0.7933333333333332,0.044884169884169885
class_BetaBlocker,49,1.0,contrastive_classholdout_concat,0.8966666666666667,0.5303030303030303
class_BetaBlocker,49,2.0,contrastive_classholdout_structure,0.99,0.7
class_BetaBlocker,49,2.0,contrastive_classholdout_expression,0.83,0.060714285714285714
class_BetaBlocker,49,2.0,contrastive_classholdout_concat,0.99,0.7
class_BetaBlocker,49,0.0,contrastive_debiased_structure,0.9700000000000001,0.2777777777777778
class_BetaBlocker,49,0.0,contrastive_debiased_expression,0.9433333333333332,0.1875
class_BetaBlocker,49,0.0,contrastive_debiased_concat,0.9666666666666667,0.22619047619047616
class_BetaBlocker,49,1.0,contrastive_debiased_structure,0.9933333333333333,0.5833333333333333
class_BetaBlocker,49,1.0,contrastive_debiased_expression,0.9933333333333333,0.5833333333333333
class_BetaBlocker,49,1.0,contrastive_debiased_concat,0.9933333333333333,0.5833333333333333
class_BetaBlocker,49,2.0,contrastive_debiased_structure,0.9933333333333334,0.75
class_BetaBlocker,49,2.0,contrastive_debiased_expression,0.9833333333333333,0.3666666666666667
class_BetaBlocker,49,2.0,contrastive_debiased_concat,0.99,0.7
class_BetaBlocker,49,,contrastive_randholdout0_concat,1.0,1.0
class_BetaBlocker,49,,contrastive_randholdout1_concat,0.9933333333333333,0.5833333333333333
class_BetaBlocker,49,,contrastive_randholdout2_concat,0.9766666666666667,0.6111111111111112
class_BetaBlocker,49,,raw_expression_RF,0.5516666666666667,0.025809716599190284
class_BetaBlocker,49,,raw_ecfp4_RF,0.9633333333333333,0.5769230769230769
class_BetaBlocker,49,,raw_concat_RF,0.9566666666666667,0.5555555555555556
class_BetaBlocker,49,,neighbor_connectivity,0.9033333333333333,0.10416666666666666
class_BetaBlocker,49,,random,0.1933333333333333,0.07150900900900901
class_BetaBlocker,50,0.0,contrastive_full_structure,0.9933333333333334,0.5833333333333333
class_BetaBlocker,50,0.0,contrastive_full_expression,0.95,0.16233766233766234
class_BetaBlocker,50,0.0,contrastive_full_concat,0.9933333333333333,0.5833333333333333
class_BetaBlocker,50,1.0,contrastive_full_structure,0.9666666666666666,0.26666666666666666
class_BetaBlocker,50,1.0,contrastive_full_expression,0.9366666666666666,0.13333333333333333
class_BetaBlocker,50,1.0,contrastive_full_concat,0.9833333333333333,0.3666666666666667
class_BetaBlocker,50,2.0,contrastive_full_structure,0.9166666666666667,0.10427807486631016
class_BetaBlocker,50,2.0,contrastive_full_expression,0.8500000000000001,0.06084656084656084
class_BetaBlocker,50,2.0,contrastive_full_concat,0.9166666666666667,0.10427807486631016
class_BetaBlocker,50,0.0,contrastive_classholdout_structure,0.9966666666666667,0.8333333333333333
class_BetaBlocker,50,0.0,contrastive_classholdout_expression,0.8033333333333333,0.04700854700854701
class_BetaBlocker,50,0.0,contrastive_classholdout_concat,0.9933333333333334,0.75
class_BetaBlocker,50,1.0,contrastive_classholdout_structure,0.9900000000000001,0.7
class_BetaBlocker,50,1.0,contrastive_classholdout_expression,0.7866666666666666,0.04369369369369369
class_BetaBlocker,50,1.0,contrastive_classholdout_concat,0.9933333333333334,0.75
class_BetaBlocker,50,2.0,contrastive_classholdout_structure,0.9866666666666667,0.41666666666666663
class_BetaBlocker,50,2.0,contrastive_classholdout_expression,0.76,0.03888081395348837
class_BetaBlocker,50,2.0,contrastive_classholdout_concat,0.9866666666666667,0.41666666666666663
class_BetaBlocker,50,0.0,contrastive_debiased_structure,0.9699999999999999,0.24285714285714285
class_BetaBlocker,50,0.0,contrastive_debiased_expression,0.8966666666666666,0.09166666666666667
class_BetaBlocker,50,0.0,contrastive_debiased_concat,0.9633333333333334,0.2111111111111111
class_BetaBlocker,50,1.0,contrastive_debiased_structure,0.95,0.3125
class_BetaBlocker,50,1.0,contrastive_debiased_expression,0.9166666666666666,0.16666666666666666
class_BetaBlocker,50,1.0,contrastive_debiased_concat,0.9666666666666666,0.34090909090909094
class_BetaBlocker,50,2.0,contrastive_debiased_structure,0.9933333333333334,0.75
class_BetaBlocker,50,2.0,contrastive_debiased_expression,0.9533333333333334,0.31666666666666665
class_BetaBlocker,50,2.0,contrastive_debiased_concat,0.9866666666666667,0.6666666666666666
class_BetaBlocker,50,,contrastive_randholdout0_concat,0.9566666666666667,0.5666666666666667
class_BetaBlocker,50,,contrastive_randholdout1_concat,0.97,0.35
class_BetaBlocker,50,,contrastive_randholdout2_concat,0.99,0.5
class_BetaBlocker,50,,raw_expression_RF,0.6100000000000001,0.03289473684210526
class_BetaBlocker,50,,raw_ecfp4_RF,1.0,1.0
class_BetaBlocker,50,,raw_concat_RF,0.875,0.07777777777777778
class_BetaBlocker,50,,neighbor_connectivity,0.7566666666666666,0.18036529680365296
class_BetaBlocker,50,,random,0.34,0.01148989898989899
class_BetaBlocker,51,0.0,contrastive_full_structure,0.9933333333333334,0.75
class_BetaBlocker,51,0.0,contrastive_full_expression,0.9766666666666667,0.30952380952380953
class_BetaBlocker,51,0.0,contrastive_full_concat,0.99,0.5
class_BetaBlocker,51,1.0,contrastive_full_structure,0.9800000000000001,0.3333333333333333
class_BetaBlocker,51,1.0,contrastive_full_expression,0.9466666666666667,0.15555555555555556
class_BetaBlocker,51,1.0,contrastive_full_concat,0.98,0.325
class_BetaBlocker,51,2.0,contrastive_full_structure,0.9400000000000001,0.14285714285714285
class_BetaBlocker,51,2.0,contrastive_full_expression,0.9,0.09090909090909091
class_BetaBlocker,51,2.0,contrastive_full_concat,0.9466666666666667,0.17142857142857143
class_BetaBlocker,51,0.0,contrastive_classholdout_structure,1.0,1.0
class_BetaBlocker,51,0.0,contrastive_classholdout_expression,0.8099999999999999,0.04876615746180964
class_BetaBlocker,51,0.0,contrastive_classholdout_concat,1.0,1.0
class_BetaBlocker,51,1.0,contrastive_classholdout_structure,0.9966666666666666,0.8333333333333333
class_BetaBlocker,51,1.0,contrastive_classholdout_expression,0.8233333333333333,0.05277777777777778
class_BetaBlocker,51,1.0,contrastive_classholdout_concat,1.0,1.0
class_BetaBlocker,51,2.0,contrastive_classholdout_structure,1.0,1.0
class_BetaBlocker,51,2.0,contrastive_classholdout_expression,0.79,0.04439024390243902
class_BetaBlocker,51,2.0,contrastive_classholdout_concat,1.0,1.0
class_BetaBlocker,51,0.0,contrastive_debiased_structure,0.9566666666666666,0.19090909090909092
class_BetaBlocker,51,0.0,contrastive_debiased_expression,0.8999999999999999,0.09722222222222221
class_BetaBlocker,51,0.0,contrastive_debiased_concat,0.9566666666666667,0.18253968253968253
class_BetaBlocker,51,1.0,contrastive_debiased_structure,0.98,0.625
class_BetaBlocker,51,1.0,contrastive_debiased_expression,0.9466666666666667,0.3088235294117647
class_BetaBlocker,51,1.0,contrastive_debiased_concat,0.99,0.7
class_BetaBlocker,51,2.0,contrastive_debiased_structure,0.99,0.7
class_BetaBlocker,51,2.0,contrastive_debiased_expression,0.96,0.3269230769230769
class_BetaBlocker,51,2.0,contrastive_debiased_concat,0.9933333333333334,0.75
class_BetaBlocker,51,,contrastive_randholdout0_concat,0.9566666666666667,0.5666666666666667
class_BetaBlocker,51,,contrastive_randholdout1_concat,0.9866666666666667,0.6666666666666666
class_BetaBlocker,51,,contrastive_randholdout2_concat,1.0,1.0
class_BetaBlocker,51,,raw_expression_RF,0.8999999999999999,0.07107843137254902
class_BetaBlocker,51,,raw_ecfp4_RF,1.0,1.0
class_BetaBlocker,51,,raw_concat_RF,0.925,0.5303030303030303
class_BetaBlocker,51,,neighbor_connectivity,0.7666666666666667,0.2640845070422535
class_BetaBlocker,51,,random,0.39333333333333337,0.011622636622636622
class_Antipsychotic,42,0.0,contrastive_full_structure,0.41000000000000003,0.016333374736057633
class_Antipsychotic,42,0.0,contrastive_full_expression,0.54,0.020976200080677694
class_Antipsychotic,42,0.0,contrastive_full_concat,0.5066666666666666,0.019824561403508772
class_Antipsychotic,42,1.0,contrastive_full_structure,0.6399999999999999,0.04375
class_Antipsychotic,42,1.0,contrastive_full_expression,0.4166666666666667,0.01659067882472138
class_Antipsychotic,42,1.0,contrastive_full_concat,0.5900000000000001,0.026263297872340427
class_Antipsychotic,42,2.0,contrastive_full_structure,0.5933333333333333,0.033424908424908424
class_Antipsychotic,42,2.0,contrastive_full_expression,0.45666666666666667,0.017645245800585605
class_Antipsychotic,42,2.0,contrastive_full_concat,0.5466666666666666,0.0242296918767507
class_Antipsychotic,42,0.0,contrastive_classholdout_structure,0.9433333333333332,0.14646464646464646
class_Antipsychotic,42,0.0,contrastive_classholdout_expression,0.4633333333333334,0.017772692601067886
class_Antipsychotic,42,0.0,contrastive_classholdout_concat,0.5700000000000001,0.5076335877862596
class_Antipsychotic,42,1.0,contrastive_classholdout_structure,0.9066666666666666,0.20238095238095238
class_Antipsychotic,42,1.0,contrastive_classholdout_expression,0.3833333333333333,0.015649738156132017
class_Antipsychotic,42,1.0,contrastive_classholdout_concat,0.78,0.05389610389610389
class_Antipsychotic,42,2.0,contrastive_classholdout_structure,0.8666666666666667,0.27439024390243905
class_Antipsychotic,42,2.0,contrastive_classholdout_expression,0.39,0.01581395348837209
class_Antipsychotic,42,2.0,contrastive_classholdout_concat,0.81,0.04857142857142857
class_Antipsychotic,42,0.0,contrastive_debiased_structure,0.5633333333333334,0.022347066167290888
class_Antipsychotic,42,0.0,contrastive_debiased_expression,0.3533333333333334,0.015203050917336633
class_Antipsychotic,42,0.0,contrastive_debiased_concat,0.5,0.019070010449320794
class_Antipsychotic,42,1.0,contrastive_debiased_structure,0.55,0.02505896226415094
class_Antipsychotic,42,1.0,contrastive_debiased_expression,0.5466666666666666,0.021235955056179777
class_Antipsychotic,42,1.0,contrastive_debiased_concat,0.5766666666666667,0.024527186761229315
class_Antipsychotic,42,2.0,contrastive_debiased_structure,0.7633333333333334,0.07094017094017094
class_Antipsychotic,42,2.0,contrastive_debiased_expression,0.53,0.020730397422126744
class_Antipsychotic,42,2.0,contrastive_debiased_concat,0.69,0.034722222222222224
class_Antipsychotic,42,,contrastive_randholdout0_concat,0.52,0.019838212634822806
class_Antipsychotic,42,,contrastive_randholdout1_concat,0.45000000000000007,0.017857142857142856
class_Antipsychotic,42,,contrastive_randholdout2_concat,0.44999999999999996,0.02006913769925101
class_Antipsychotic,42,,raw_expression_RF,0.30666666666666664,0.013157894736842105
class_Antipsychotic,42,,raw_ecfp4_RF,0.98,0.625
class_Antipsychotic,42,,raw_concat_RF,0.29000000000000004,0.013157894736842105
class_Antipsychotic,42,,neighbor_connectivity,0.44666666666666666,0.017246376811594202
class_Antipsychotic,42,,random,0.7066666666666667,0.01324786324786325
class_Antipsychotic,43,0.0,contrastive_full_structure,0.45666666666666667,0.017645245800585605
class_Antipsychotic,43,0.0,contrastive_full_expression,0.5433333333333333,0.02128623188405797
class_Antipsychotic,43,0.0,contrastive_full_concat,0.5066666666666667,0.01956853760977472
class_Antipsychotic,43,1.0,contrastive_full_structure,0.5466666666666666,0.021622253389434316
class_Antipsychotic,43,1.0,contrastive_full_expression,0.48,0.01833060556464812
class_Antipsychotic,43,1.0,contrastive_full_concat,0.5466666666666666,0.021315192743764172
class_Antipsychotic,43,2.0,contrastive_full_structure,0.5966666666666667,0.03083333333333333
class_Antipsychotic,43,2.0,contrastive_full_expression,0.5366666666666666,0.02252925068459049
class_Antipsychotic,43,2.0,contrastive_full_concat,0.5933333333333333,0.03
class_Antipsychotic,43,0.0,contrastive_classholdout_structure,0.96,0.19642857142857142
class_Antipsychotic,43,0.0,contrastive_classholdout_expression,0.5133333333333333,0.01978557504873294
class_Antipsychotic,43,0.0,contrastive_classholdout_concat,0.7833333333333333,0.05423280423280423
class_Antipsychotic,43,1.0,contrastive_classholdout_structure,0.9,0.19999999999999998
class_Antipsychotic,43,1.0,contrastive_classholdout_expression,0.5133333333333333,0.02020408163265306
class_Antipsychotic,43,1.0,contrastive_classholdout_concat,0.7733333333333333,0.5142857142857142
class_Antipsychotic,43,2.0,contrastive_classholdout_structure,0.98,0.39285714285714285
class_Antipsychotic,43,2.0,contrastive_classholdout_expression,0.52,0.01985664471135219
class_Antipsychotic,43,2.0,contrastive_classholdout_concat,0.9233333333333333,0.2916666666666667
class_Antipsychotic,43,0.0,contrastive_debiased_structure,0.5433333333333333,0.029454022988505746
class_Antipsychotic,43,0.0,contrastive_debiased_expression,0.47333333333333333,0.01941022769690183
class_Antipsychotic,43,0.0,contrastive_debiased_concat,0.5433333333333333,0.028002699055330635
class_Antipsychotic,43,1.0,contrastive_debiased_structure,0.45333333333333337,0.017588325652841783
class_Antipsychotic,43,1.0,contrastive_debiased_expression,0.5,0.022435897435897436
class_Antipsychotic,43,1.0,contrastive_debiased_concat,0.47,0.018608274190756446
class_Antipsychotic,43,2.0,contrastive_debiased_structure,0.6566666666666667,0.027857142857142858
class_Antipsychotic,43,2.0,contrastive_debiased_expression,0.45999999999999996,0.01766676819981724
class_Antipsychotic,43,2.0,contrastive_debiased_concat,0.5966666666666667,0.023583662714097495
class_Antipsychotic,43,,contrastive_randholdout0_concat,0.6533333333333333,0.17628205128205127
class_Antipsychotic,43,,contrastive_randholdout1_concat,0.5700000000000001,0.026950117174422496
class_Antipsychotic,43,,contrastive_randholdout2_concat,0.43000000000000005,0.016808480959687542
class_Antipsychotic,43,,raw_expression_RF,0.26,0.013157894736842105
class_Antipsychotic,43,,raw_ecfp4_RF,0.92,0.29
class_Antipsychotic,43,,raw_concat_RF,0.5900000000000001,0.03435672514619883
class_Antipsychotic,43,,neighbor_connectivity,0.5866666666666667,0.023669467787114845
class_Antipsychotic,43,,random,0.36333333333333334,0.02293175334649989
class_Antipsychotic,44,0.0,contrastive_full_structure,0.8200000000000001,0.06388888888888888
class_Antipsychotic,44,0.0,contrastive_full_expression,0.7866666666666667,0.04494949494949495
class_Antipsychotic,44,0.0,contrastive_full_concat,0.83,0.06285178236397748
class_Antipsychotic,44,1.0,contrastive_full_structure,0.6599999999999999,0.027777777777777776
class_Antipsychotic,44,1.0,contrastive_full_expression,0.6066666666666667,0.02418463239358762
class_Antipsychotic,44,1.0,contrastive_full_concat,0.67,0.02860501567398119
class_Antipsychotic,44,2.0,contrastive_full_structure,0.81,0.05555555555555555
class_Antipsychotic,44,2.0,contrastive_full_expression,0.74,0.03689024390243903
class_Antipsychotic,44,2.0,contrastive_full_concat,0.8,0.04904306220095694
class_Antipsychotic,44,0.0,contrastive_classholdout_structure,0.9766666666666667,0.375
class_Antipsychotic,44,0.0,contrastive_classholdout_expression,0.6233333333333333,0.025151515151515154
class_Antipsychotic,44,0.0,contrastive_classholdout_concat,0.97,0.5909090909090909
class_Antipsychotic,44,1.0,contrastive_classholdout_structure,1.0,1.0
class_Antipsychotic,44,1.0,contrastive_classholdout_expression,0.65,0.02712049508554787
class_Antipsychotic,44,1.0,contrastive_classholdout_concat,0.9966666666666666,0.8333333333333333
class_Antipsychotic,44,2.0,contrastive_classholdout_structure,0.9966666666666666,0.8333333333333333
class_Antipsychotic,44,2.0,contrastive_classholdout_expression,0.6333333333333333,0.026472431077694234
class_Antipsychotic,44,2.0,contrastive_classholdout_concat,0.9966666666666666,0.8333333333333333
class_Antipsychotic,44,0.0,contrastive_debiased_structure,0.7933333333333332,0.060534591194968554
class_Antipsychotic,44,0.0,contrastive_debiased_expression,0.5333333333333333,0.020454545454545454
class_Antipsychotic,44,0.0,contrastive_debiased_concat,0.7766666666666666,0.04976851851851852
class_Antipsychotic,44,1.0,contrastive_debiased_structure,0.6566666666666667,0.07270408163265306
class_Antipsychotic,44,1.0,contrastive_debiased_expression,0.6966666666666668,0.031002331002331
class_Antipsychotic,44,1.0,contrastive_debiased_concat,0.7166666666666667,0.0837742504409171
class_Antipsychotic,44,2.0,contrastive_debiased_structure,0.8366666666666667,0.09365079365079365
class_Antipsychotic,44,2.0,contrastive_debiased_expression,0.71,0.033102766798418976
class_Antipsychotic,44,2.0,contrastive_debiased_concat,0.8466666666666666,0.06869369369369369
class_Antipsychotic,44,,contrastive_randholdout0_concat,0.9733333333333334,0.26785714285714285
class_Antipsychotic,44,,contrastive_randholdout1_concat,0.8533333333333334,0.06458333333333333
class_Antipsychotic,44,,contrastive_randholdout2_concat,0.7966666666666666,0.06851851851851852
class_Antipsychotic,44,,raw_expression_RF,0.73,0.04015151515151515
class_Antipsychotic,44,,raw_ecfp4_RF,1.0,1.0
class_Antipsychotic,44,,raw_concat_RF,0.8616666666666666,0.145
class_Antipsychotic,44,,neighbor_connectivity,0.6566666666666667,0.027587450414713305
class_Antipsychotic,44,,random,0.46,0.05844155844155844
class_Antipsychotic,45,0.0,contrastive_full_structure,0.83,0.06285178236397748
class_Antipsychotic,45,0.0,contrastive_full_expression,0.7566666666666666,0.04060705496308449
class_Antipsychotic,45,0.0,contrastive_full_concat,0.8533333333333333,0.09642857142857142
class_Antipsychotic,45,1.0,contrastive_full_structure,0.6833333333333333,0.02973898160034232
class_Antipsychotic,45,1.0,contrastive_full_expression,0.5033333333333334,0.019257703081232494
class_Antipsychotic,45,1.0,contrastive_full_concat,0.63,0.025563671006668783
class_Antipsychotic,45,2.0,contrastive_full_structure,0.82,0.09142857142857143
class_Antipsychotic,45,2.0,contrastive_full_expression,0.7266666666666667,0.034559643255295425
class_Antipsychotic,45,2.0,contrastive_full_concat,0.8099999999999999,0.05973813420621932
class_Antipsychotic,45,0.0,contrastive_classholdout_structure,0.9733333333333333,0.29166666666666663
class_Antipsychotic,45,0.0,contrastive_classholdout_expression,0.6,0.02371967654986523
class_Antipsychotic,45,0.0,contrastive_classholdout_concat,0.9633333333333333,0.5769230769230769
class_Antipsychotic,45,1.0,contrastive_classholdout_structure,0.9966666666666666,0.8333333333333333
class_Antipsychotic,45,1.0,contrastive_classholdout_expression,0.5933333333333333,0.02332285115303983
class_Antipsychotic,45,1.0,contrastive_classholdout_concat,0.99,0.7
class_Antipsychotic,45,2.0,contrastive_classholdout_structure,0.9933333333333333,0.75
class_Antipsychotic,45,2.0,contrastive_classholdout_expression,0.6133333333333333,0.02490096208262592
class_Antipsychotic,45,2.0,contrastive_classholdout_concat,0.9866666666666667,0.6666666666666666
class_Antipsychotic,45,0.0,contrastive_debiased_structure,0.81,0.05745341614906832
class_Antipsychotic,45,0.0,contrastive_debiased_expression,0.5366666666666666,0.020792932557638442
class_Antipsychotic,45,0.0,contrastive_debiased_concat,0.77,0.05295566502463054
class_Antipsychotic,45,1.0,contrastive_debiased_structure,0.6366666666666666,0.08095238095238094
class_Antipsychotic,45,1.0,contrastive_debiased_expression,0.64,0.026263297872340427
class_Antipsychotic,45,1.0,contrastive_debiased_concat,0.69,0.0826645264847512
class_Antipsychotic,45,2.0,contrastive_debiased_structure,0.8200000000000001,0.11923076923076924
class_Antipsychotic,45,2.0,contrastive_debiased_expression,0.66,0.028061224489795915
class_Antipsychotic,45,2.0,contrastive_debiased_concat,0.81,0.06586270871985157
class_Antipsychotic,45,,contrastive_randholdout0_concat,0.9766666666666667,0.30952380952380953
class_Antipsychotic,45,,contrastive_randholdout1_concat,0.8600000000000001,0.06573275862068965
class_Antipsychotic,45,,contrastive_randholdout2_concat,0.7833333333333334,0.06724137931034482
class_Antipsychotic,45,,raw_expression_RF,0.5399999999999999,0.03038847117794486
class_Antipsychotic,45,,raw_ecfp4_RF,0.99,0.7
class_Antipsychotic,45,,raw_concat_RF,0.4233333333333333,0.014154704944178628
class_Antipsychotic,45,,neighbor_connectivity,0.6833333333333332,0.029979035639412996
class_Antipsychotic,45,,random,0.7866666666666666,0.03263358778625954
class_Antipsychotic,46,0.0,contrastive_full_structure,0.41,0.016369047619047616
class_Antipsychotic,46,0.0,contrastive_full_expression,0.37666666666666665,0.015455864300859278
class_Antipsychotic,46,0.0,contrastive_full_concat,0.4066666666666667,0.016261659302896414
class_Antipsychotic,46,1.0,contrastive_full_structure,0.43666666666666665,0.017324133793310333
class_Antipsychotic,46,1.0,contrastive_full_expression,0.22666666666666668,0.012681159420289856
class_Antipsychotic,46,1.0,contrastive_full_concat,0.3433333333333333,0.014585883312933496
class_Antipsychotic,46,2.0,contrastive_full_structure,0.43333333333333335,0.018416666666666665
class_Antipsychotic,46,2.0,contrastive_full_expression,0.27666666666666667,0.013298762127801941
class_Antipsychotic,46,2.0,contrastive_full_concat,0.37,0.01546268656716418
class_Antipsychotic,46,0.0,contrastive_classholdout_structure,0.8466666666666667,0.059482758620689656
class_Antipsychotic,46,0.0,contrastive_classholdout_expression,0.30666666666666664,0.014009009009009008
class_Antipsychotic,46,0.0,contrastive_classholdout_concat,0.4766666666666667,0.036404771698889345
class_Antipsychotic,46,1.0,contrastive_classholdout_structure,0.8533333333333333,0.07323232323232323
class_Antipsychotic,46,1.0,contrastive_classholdout_expression,0.2633333333333333,0.013064516129032259
class_Antipsychotic,46,1.0,contrastive_classholdout_concat,0.4933333333333333,0.018891242937853107
class_Antipsychotic,46,2.0,contrastive_classholdout_structure,0.9666666666666667,0.5833333333333334
class_Antipsychotic,46,2.0,contrastive_classholdout_expression,0.2966666666666667,0.013640806895938861
class_Antipsychotic,46,2.0,contrastive_classholdout_concat,0.75,0.040584415584415584
class_Antipsychotic,46,0.0,contrastive_debiased_structure,0.53,0.02190385981529718
class_Antipsychotic,46,0.0,contrastive_debiased_expression,0.2566666666666667,0.013200156678417549
class_Antipsychotic,46,0.0,contrastive_debiased_concat,0.47,0.01823607427055703
class_Antipsychotic,46,1.0,contrastive_debiased_structure,0.54,0.025675675675675677
class_Antipsychotic,46,1.0,contrastive_debiased_expression,0.4066666666666666,0.016234616391725583
class_Antipsychotic,46,1.0,contrastive_debiased_concat,0.5066666666666666,0.02150900900900901
class_Antipsychotic,46,2.0,contrastive_debiased_structure,0.77,0.046296296296296294
class_Antipsychotic,46,2.0,contrastive_debiased_expression,0.39666666666666667,0.015839300886029858
class_Antipsychotic,46,2.0,contrastive_debiased_concat,0.6566666666666667,0.028370221327967807
class_Antipsychotic,46,,contrastive_randholdout0_concat,0.36333333333333334,0.015319148936170212
class_Antipsychotic,46,,contrastive_randholdout1_concat,0.42999999999999994,0.016866619618913198
class_Antipsychotic,46,,contrastive_randholdout2_concat,0.45333333333333337,0.017450458444247263
class_Antipsychotic,46,,raw_expression_RF,0.30666666666666664,0.013157894736842105
class_Antipsychotic,46,,raw_ecfp4_RF,0.9466666666666667,0.1534090909090909
class_Antipsychotic,46,,raw_concat_RF,0.31333333333333335,0.013157894736842105
class_Antipsychotic,46,,neighbor_connectivity,0.4666666666666667,0.017884674683934627
class_Antipsychotic,46,,random,0.7733333333333334,0.02152014652014652
class_Antipsychotic,47,0.0,contrastive_full_structure,0.7033333333333334,0.06760374832663989
class_Antipsychotic,47,0.0,contrastive_full_expression,0.7066666666666667,0.037220026350461136
class_Antipsychotic,47,0.0,contrastive_full_concat,0.7233333333333334,0.06854256854256854
class_Antipsychotic,47,1.0,contrastive_full_structure,0.8866666666666666,0.07886904761904762
class_Antipsychotic,47,1.0,contrastive_full_expression,0.6433333333333333,0.02761904761904762
class_Antipsychotic,47,1.0,contrastive_full_concat,0.84,0.05725806451612903
class_Antipsychotic,47,2.0,contrastive_full_structure,0.9466666666666667,0.15476190476190477
class_Antipsychotic,47,2.0,contrastive_full_expression,0.6633333333333333,0.028438886647841874
class_Antipsychotic,47,2.0,contrastive_full_concat,0.8933333333333333,0.09
class_Antipsychotic,47,0.0,contrastive_classholdout_structure,0.8833333333333333,0.19523809523809524
class_Antipsychotic,47,0.0,contrastive_classholdout_expression,0.6166666666666667,0.0251821349382325
class_Antipsychotic,47,0.0,contrastive_classholdout_concat,0.5266666666666666,0.5069444444444444
class_Antipsychotic,47,1.0,contrastive_classholdout_structure,0.9566666666666667,0.5666666666666667
class_Antipsychotic,47,1.0,contrastive_classholdout_expression,0.47,0.019053639154776952
class_Antipsychotic,47,1.0,contrastive_classholdout_concat,0.6366666666666667,0.509009009009009
class_Antipsychotic,47,2.0,contrastive_classholdout_structure,0.9966666666666666,0.8333333333333333
class_Antipsychotic,47,2.0,contrastive_classholdout_expression,0.55,0.02232142857142857
class_Antipsychotic,47,2.0,contrastive_classholdout_concat,0.8133333333333334,0.5172413793103449
class_Antipsychotic,47,0.0,contrastive_debiased_structure,0.8566666666666667,0.08881578947368421
class_Antipsychotic,47,0.0,contrastive_debiased_expression,0.6266666666666667,0.03182234432234432
class_Antipsychotic,47,0.0,contrastive_debiased_concat,0.7899999999999999,0.07309941520467836
class_Antipsychotic,47,1.0,contrastive_debiased_structure,0.9166666666666666,0.20666666666666667
class_Antipsychotic,47,1.0,contrastive_debiased_expression,0.7966666666666667,0.048538011695906436
class_Antipsychotic,47,1.0,contrastive_debiased_concat,0.8766666666666667,0.10173160173160173
class_Antipsychotic,47,2.0,contrastive_debiased_structure,0.9766666666666667,0.29166666666666663
class_Antipsychotic,47,2.0,contrastive_debiased_expression,0.7566666666666666,0.03888888888888889
class_Antipsychotic,47,2.0,contrastive_debiased_concat,0.9166666666666667,0.10427807486631016
class_Antipsychotic,47,,contrastive_randholdout0_concat,0.7533333333333333,0.08571428571428572
class_Antipsychotic,47,,contrastive_randholdout1_concat,0.7933333333333332,0.04905437352245863
class_Antipsychotic,47,,contrastive_randholdout2_concat,0.8466666666666666,0.08055555555555555
class_Antipsychotic,47,,raw_expression_RF,0.42000000000000004,0.014041633935585232
class_Antipsychotic,47,,raw_ecfp4_RF,0.9266666666666666,0.5416666666666666
class_Antipsychotic,47,,raw_concat_RF,0.61,0.08991228070175439
class_Antipsychotic,47,,neighbor_connectivity,0.8,0.04711751662971175
class_Antipsychotic,47,,random,0.54,0.020759890325107718
class_Antipsychotic,48,0.0,contrastive_full_structure,0.07666666666666666,0.010512820512820514
class_Antipsychotic,48,0.0,contrastive_full_expression,0.08333333333333337,0.010637193856371938
class_Antipsychotic,48,0.0,contrastive_full_concat,0.09333333333333332,0.010693764630772505
class_Antipsychotic,48,1.0,contrastive_full_structure,0.0733333333333333,0.010573022312373226
class_Antipsychotic,48,1.0,contrastive_full_expression,0.08333333333333331,0.010718724109362055
class_Antipsychotic,48,1.0,contrastive_full_concat,0.08333333333333331,0.010718724109362055
class_Antipsychotic,48,2.0,contrastive_full_structure,0.22999999999999998,0.0125
class_Antipsychotic,48,2.0,contrastive_full_expression,0.16333333333333333,0.011698628436666046
class_Antipsychotic,48,2.0,contrastive_full_concat,0.22000000000000003,0.012464285714285714
class_Antipsychotic,48,0.0,contrastive_classholdout_structure,0.9666666666666667,0.225
class_Antipsychotic,48,0.0,contrastive_classholdout_expression,0.12333333333333335,0.011152626811594204
class_Antipsychotic,48,0.0,contrastive_classholdout_concat,0.86,0.06797235023041474
class_Antipsychotic,48,1.0,contrastive_classholdout_structure,0.8866666666666667,0.1553030303030303
class_Antipsychotic,48,1.0,contrastive_classholdout_expression,0.08999999999999997,0.010819327731092437
class_Antipsychotic,48,1.0,contrastive_classholdout_concat,0.8133333333333335,0.09065934065934066
class_Antipsychotic,48,2.0,contrastive_classholdout_structure,0.9533333333333334,0.31666666666666665
class_Antipsychotic,48,2.0,contrastive_classholdout_expression,0.08333333333333337,0.010741833618056633
class_Antipsychotic,48,2.0,contrastive_classholdout_concat,0.9133333333333333,0.14166666666666666
class_Antipsychotic,48,0.0,contrastive_debiased_structure,0.19666666666666666,0.01199456337071016
class_Antipsychotic,48,0.0,contrastive_debiased_expression,0.0633333333333333,0.010493674026296205
class_Antipsychotic,48,0.0,contrastive_debiased_concat,0.17333333333333334,0.01170076726342711
class_Antipsychotic,48,1.0,contrastive_debiased_structure,0.29000000000000004,0.013656633221850612
class_Antipsychotic,48,1.0,contrastive_debiased_expression,0.14666666666666667,0.01153983778625954
class_Antipsychotic,48,1.0,contrastive_debiased_concat,0.27,0.01313677452057109
class_Antipsychotic,48,2.0,contrastive_debiased_structure,0.42000000000000004,0.01655359565807327
class_Antipsychotic,48,2.0,contrastive_debiased_expression,0.20666666666666667,0.012284334023464457
class_Antipsychotic,48,2.0,contrastive_debiased_concat,0.36,0.015079365079365081
class_Antipsychotic,48,,contrastive_randholdout0_concat,0.17666666666666664,0.011773031394750385
class_Antipsychotic,48,,contrastive_randholdout1_concat,0.1933333333333333,0.011896622453165594
class_Antipsychotic,48,,contrastive_randholdout2_concat,0.18000000000000005,0.012032258064516129
class_Antipsychotic,48,,raw_expression_RF,0.21000000000000002,0.013157894736842105
class_Antipsychotic,48,,raw_ecfp4_RF,0.98,0.325
class_Antipsychotic,48,,raw_concat_RF,0.21000000000000002,0.013157894736842105
class_Antipsychotic,48,,neighbor_connectivity,0.45999999999999996,0.017857142857142856
class_Antipsychotic,48,,random,0.44666666666666666,0.022380595148787197
class_Antipsychotic,49,0.0,contrastive_full_structure,0.6733333333333333,0.028949545078577336
class_Antipsychotic,49,0.0,contrastive_full_expression,0.63,0.028177225029148854
class_Antipsychotic,49,0.0,contrastive_full_concat,0.6799999999999999,0.029485049833887042
class_Antipsychotic,49,1.0,contrastive_full_structure,0.71,0.03256302521008403
class_Antipsychotic,49,1.0,contrastive_full_expression,0.6,0.024725274725274724
class_Antipsychotic,49,1.0,contrastive_full_concat,0.69,0.031818181818181815
class_Antipsychotic,49,2.0,contrastive_full_structure,0.6699999999999999,0.041176470588235294
class_Antipsychotic,49,2.0,contrastive_full_expression,0.5366666666666666,0.025138041267073523
class_Antipsychotic,49,2.0,contrastive_full_concat,0.62,0.0411509900990099
class_Antipsychotic,49,0.0,contrastive_classholdout_structure,0.9099999999999999,0.125
class_Antipsychotic,49,0.0,contrastive_classholdout_expression,0.6533333333333333,0.03449197860962567
class_Antipsychotic,49,0.0,contrastive_classholdout_concat,0.8733333333333333,0.15202702702702703
class_Antipsychotic,49,1.0,contrastive_classholdout_structure,0.8133333333333334,0.05322128851540616
class_Antipsychotic,49,1.0,contrastive_classholdout_expression,0.53,0.02190385981529718
class_Antipsychotic,49,1.0,contrastive_classholdout_concat,0.7366666666666667,0.05953905249679898
class_Antipsychotic,49,2.0,contrastive_classholdout_structure,0.9400000000000001,0.1388888888888889
class_Antipsychotic,49,2.0,contrastive_classholdout_expression,0.6033333333333333,0.024868705591597158
class_Antipsychotic,49,2.0,contrastive_classholdout_concat,0.8966666666666667,0.10846560846560846
class_Antipsychotic,49,0.0,contrastive_debiased_structure,0.6699999999999999,0.04707792207792208
class_Antipsychotic,49,0.0,contrastive_debiased_expression,0.5666666666666667,0.031736281736281735
class_Antipsychotic,49,0.0,contrastive_debiased_concat,0.6266666666666667,0.048265460030165915
class_Antipsychotic,49,1.0,contrastive_debiased_structure,0.6233333333333333,0.026171741361614778
class_Antipsychotic,49,1.0,contrastive_debiased_expression,0.6033333333333333,0.04068396226415094
class_Antipsychotic,49,1.0,contrastive_debiased_concat,0.6233333333333333,0.028735632183908046
class_Antipsychotic,49,2.0,contrastive_debiased_structure,0.8300000000000001,0.05397727272727273
class_Antipsychotic,49,2.0,contrastive_debiased_expression,0.6566666666666666,0.03662790697674419
class_Antipsychotic,49,2.0,contrastive_debiased_concat,0.82,0.051587301587301584
class_Antipsychotic,49,,contrastive_randholdout0_concat,0.6966666666666667,0.039649122807017545
class_Antipsychotic,49,,contrastive_randholdout1_concat,0.6799999999999999,0.02976190476190476
class_Antipsychotic,49,,contrastive_randholdout2_concat,0.7133333333333334,0.05465367965367965
class_Antipsychotic,49,,raw_expression_RF,0.26666666666666666,0.013157894736842105
class_Antipsychotic,49,,raw_ecfp4_RF,0.9800000000000001,0.3333333333333333
class_Antipsychotic,49,,raw_concat_RF,0.605,0.2565789473684211
class_Antipsychotic,49,,neighbor_connectivity,0.6033333333333333,0.024404761904761905
class_Antipsychotic,49,,random,0.1933333333333333,0.07150900900900901
class_Antipsychotic,50,0.0,contrastive_full_structure,0.8,0.061274509803921566
class_Antipsychotic,50,0.0,contrastive_full_expression,0.7566666666666666,0.039230769230769236
class_Antipsychotic,50,0.0,contrastive_full_concat,0.8166666666666667,0.06673114119922631
class_Antipsychotic,50,1.0,contrastive_full_structure,0.6633333333333333,0.028021349599695006
class_Antipsychotic,50,1.0,contrastive_full_expression,0.5066666666666666,0.019401133947554924
class_Antipsychotic,50,1.0,contrastive_full_concat,0.6266666666666666,0.025396825396825397
class_Antipsychotic,50,2.0,contrastive_full_structure,0.7533333333333333,0.04946236559139785
class_Antipsychotic,50,2.0,contrastive_full_expression,0.6933333333333332,0.03111111111111111
class_Antipsychotic,50,2.0,contrastive_full_concat,0.7433333333333334,0.039968652037617555
class_Antipsychotic,50,0.0,contrastive_classholdout_structure,0.9666666666666666,0.34090909090909094
class_Antipsychotic,50,0.0,contrastive_classholdout_expression,0.5566666666666666,0.021491228070175436
class_Antipsychotic,50,0.0,contrastive_classholdout_concat,0.96,0.3269230769230769
class_Antipsychotic,50,1.0,contrastive_classholdout_structure,1.0,1.0
class_Antipsychotic,50,1.0,contrastive_classholdout_expression,0.5766666666666667,0.0225
class_Antipsychotic,50,1.0,contrastive_classholdout_concat,0.9933333333333334,0.75
class_Antipsychotic,50,2.0,contrastive_classholdout_structure,1.0,1.0
class_Antipsychotic,50,2.0,contrastive_classholdout_expression,0.6433333333333333,0.026977821913273747
class_Antipsychotic,50,2.0,contrastive_classholdout_concat,1.0,1.0
class_Antipsychotic,50,0.0,contrastive_debiased_structure,0.7366666666666666,0.04112903225806452
class_Antipsychotic,50,0.0,contrastive_debiased_expression,0.5166666666666666,0.019760940813572395
class_Antipsychotic,50,0.0,contrastive_debiased_concat,0.72,0.03896103896103896
class_Antipsychotic,50,1.0,contrastive_debiased_structure,0.64,0.09285714285714286
class_Antipsychotic,50,1.0,contrastive_debiased_expression,0.6233333333333333,0.02513105149552883
class_Antipsychotic,50,1.0,contrastive_debiased_concat,0.6733333333333333,0.08206686930091185
class_Antipsychotic,50,2.0,contrastive_debiased_structure,0.8066666666666666,0.11785714285714285
class_Antipsychotic,50,2.0,contrastive_debiased_expression,0.65,0.02724137931034483
class_Antipsychotic,50,2.0,contrastive_debiased_concat,0.7966666666666667,0.060897435897435896
class_Antipsychotic,50,,contrastive_randholdout0_concat,0.9500000000000001,0.16666666666666666
class_Antipsychotic,50,,contrastive_randholdout1_concat,0.84,0.06111111111111111
class_Antipsychotic,50,,contrastive_randholdout2_concat,0.7433333333333333,0.05338691159586682
class_Antipsychotic,50,,raw_expression_RF,0.55,0.027412280701754384
class_Antipsychotic,50,,raw_ecfp4_RF,0.9866666666666667,0.6666666666666666
class_Antipsychotic,50,,raw_concat_RF,0.8033333333333333,0.2644927536231884
class_Antipsychotic,50,,neighbor_connectivity,0.54,0.020799512987012988
class_Antipsychotic,50,,random,0.34,0.01148989898989899
class_Antipsychotic,51,0.0,contrastive_full_structure,0.09666666666666668,0.010698924731182797
class_Antipsychotic,51,0.0,contrastive_full_expression,0.10000000000000003,0.010839160839160839
class_Antipsychotic,51,0.0,contrastive_full_concat,0.10000000000000003,0.010786322942508898
class_Antipsychotic,51,1.0,contrastive_full_structure,0.05333333333333329,0.01035387905891503
class_Antipsychotic,51,1.0,contrastive_full_expression,0.07333333333333336,0.010594079480940793
class_Antipsychotic,51,1.0,contrastive_full_concat,0.06666666666666665,0.010519740129935033
class_Antipsychotic,51,2.0,contrastive_full_structure,0.20333333333333337,0.01206992230854606
class_Antipsychotic,51,2.0,contrastive_full_expression,0.1433333333333333,0.011407407407407408
class_Antipsychotic,51,2.0,contrastive_full_concat,0.17333333333333328,0.011717752234993615
class_Antipsychotic,51,0.0,contrastive_classholdout_structure,0.94,0.15
class_Antipsychotic,51,0.0,contrastive_classholdout_expression,0.10333333333333333,0.010977720095176292
class_Antipsychotic,51,0.0,contrastive_classholdout_concat,0.8,0.04711751662971175
class_Antipsychotic,51,1.0,contrastive_classholdout_structure,0.86,0.27325581395348836
class_Antipsychotic,51,1.0,contrastive_classholdout_expression,0.07,0.01054618676063428
class_Antipsychotic,51,1.0,contrastive_classholdout_concat,0.7833333333333333,0.08782201405152225
class_Antipsychotic,51,2.0,contrastive_classholdout_structure,0.9433333333333334,0.5526315789473684
class_Antipsychotic,51,2.0,contrastive_classholdout_expression,0.06666666666666671,0.010564435564435565
class_Antipsychotic,51,2.0,contrastive_classholdout_concat,0.9066666666666667,0.16203703703703703
class_Antipsychotic,51,0.0,contrastive_debiased_structure,0.19,0.011911911911911911
class_Antipsychotic,51,0.0,contrastive_debiased_expression,0.02999999999999997,0.010138888888888888
class_Antipsychotic,51,0.0,contrastive_debiased_concat,0.15666666666666668,0.011519607843137256
class_Antipsychotic,51,1.0,contrastive_debiased_structure,0.25,0.012839325018341893
class_Antipsychotic,51,1.0,contrastive_debiased_expression,0.11333333333333334,0.011087148860871488
class_Antipsychotic,51,1.0,contrastive_debiased_concat,0.23333333333333334,0.012509534706331045
class_Antipsychotic,51,2.0,contrastive_debiased_structure,0.41333333333333333,0.01642531509788147
class_Antipsychotic,51,2.0,contrastive_debiased_expression,0.18666666666666665,0.01194393261384575
class_Antipsychotic,51,2.0,contrastive_debiased_concat,0.3166666666666667,0.01407199625993455
class_Antipsychotic,51,,contrastive_randholdout0_concat,0.1966666666666667,0.012023301496985706
class_Antipsychotic,51,,contrastive_randholdout1_concat,0.15999999999999998,0.011442006269592476
class_Antipsychotic,51,,contrastive_randholdout2_concat,0.1433333333333333,0.011509556778507603
class_Antipsychotic,51,,raw_expression_RF,0.26666666666666666,0.013157894736842105
class_Antipsychotic,51,,raw_ecfp4_RF,0.9666666666666667,0.22619047619047616
class_Antipsychotic,51,,raw_concat_RF,0.23333333333333334,0.013157894736842105
class_Antipsychotic,51,,neighbor_connectivity,0.44666666666666666,0.0173992673992674
class_Antipsychotic,51,,random,0.39333333333333337,0.011622636622636622
